-- Generated by Craft v2.6.2986 on Sep 6, 2017, 3:57:20 AM.

--
-- Disable foreign key checks and autocommit.
--

SET FOREIGN_KEY_CHECKS = 0;
SET SQL_MODE = "NO_AUTO_VALUE_ON_ZERO";
SET AUTOCOMMIT = 0;
SET NAMES utf8;


DROP TABLE IF EXISTS `craft_assetfiles`;


--
-- Schema for table `craft_assetfiles`
--
CREATE TABLE `craft_assetfiles` (
  `id` int(11) NOT NULL,
  `sourceId` int(11) DEFAULT NULL,
  `folderId` int(11) NOT NULL,
  `filename` varchar(255) COLLATE utf8_unicode_ci NOT NULL,
  `kind` varchar(50) COLLATE utf8_unicode_ci NOT NULL DEFAULT 'unknown',
  `width` int(11) unsigned DEFAULT NULL,
  `height` int(11) unsigned DEFAULT NULL,
  `size` bigint(20) unsigned DEFAULT NULL,
  `dateModified` datetime DEFAULT NULL,
  `dateCreated` datetime NOT NULL,
  `dateUpdated` datetime NOT NULL,
  `uid` char(36) COLLATE utf8_unicode_ci NOT NULL DEFAULT '0',
  PRIMARY KEY (`id`),
  UNIQUE KEY `craft_assetfiles_filename_folderId_unq_idx` (`filename`,`folderId`),
  KEY `craft_assetfiles_sourceId_fk` (`sourceId`),
  KEY `craft_assetfiles_folderId_fk` (`folderId`)
) ENGINE=InnoDB DEFAULT CHARSET=utf8 COLLATE=utf8_unicode_ci;

--
-- Data for table `craft_assetfiles`
--

INSERT INTO `craft_assetfiles` (`id`, `sourceId`, `folderId`, `filename`, `kind`, `width`, `height`, `size`, `dateModified`, `dateCreated`, `dateUpdated`, `uid`) VALUES
 ('4', '1', '1', 'Screen-Shot-2017-07-10-at-6.14.56-PM.png', 'image', '2228', '1488', '6016233', '2017-08-16 04:21:43', '2017-08-16 04:21:44', '2017-08-16 04:21:44', '729876aa-604c-410f-ab55-c3afbb42b946'),
 ('27', '1', '1', 'pasted_1.png', 'image', '700', '500', '331544', '2017-08-31 21:35:36', '2017-08-31 20:53:28', '2017-08-31 21:35:42', '3ff395f5-b578-492d-84c8-db71259e72c7'),
 ('30', '1', '1', 'pasted_2.png', 'image', '700', '500', '324795', '2017-08-31 21:44:12', '2017-08-31 21:44:13', '2017-08-31 21:44:13', '0ed74627-a93c-4bec-b60f-8c84c99e8b1a'),
 ('31', '1', '1', 'GC_1.png', 'image', '700', '500', '515920', '2017-09-01 05:39:11', '2017-09-01 05:39:11', '2017-09-01 05:39:11', 'f46dd55f-ab95-408e-8c55-2f36173a1c24'),
 ('32', '1', '1', 'GC_2.png', 'image', '700', '500', '407932', '2017-09-01 05:39:13', '2017-09-01 05:39:13', '2017-09-01 05:39:13', '44670a22-dc36-461e-9885-62013bf293ad'),
 ('33', '1', '1', 'GC_3.png', 'image', '700', '500', '487888', '2017-09-01 05:39:14', '2017-09-01 05:39:15', '2017-09-01 05:39:15', '789104a7-3ab5-4a88-9017-9768623c2feb'),
 ('34', '1', '1', 'rebull_lu.png', 'image', '700', '500', '491682', '2017-09-01 05:59:31', '2017-09-01 05:59:31', '2017-09-01 05:59:31', '39060623-8be1-4040-a333-56ff5ea9516d'),
 ('35', '1', '1', 'redbull_lu.png', 'image', '700', '500', '500308', '2017-09-01 05:59:33', '2017-09-01 05:59:33', '2017-09-01 05:59:33', 'b486b2eb-4f22-45ba-b058-c26ac4fbfb32'),
 ('36', '1', '1', 'mobiz_2.png', 'image', '700', '500', '275787', '2017-09-01 06:11:09', '2017-09-01 06:11:09', '2017-09-01 06:11:09', '00edc44b-9f99-4edd-8b40-330b749c4f8d'),
 ('37', '1', '1', 'moBIZ.png', 'image', '700', '500', '347091', '2017-09-01 06:11:10', '2017-09-01 06:11:10', '2017-09-01 06:11:10', '544c7395-51ce-44cd-9ada-cc23ad9ace0f'),
 ('38', '1', '1', 'aj_1.png', 'image', '700', '500', '386276', '2017-09-01 06:19:39', '2017-09-01 06:19:39', '2017-09-01 06:19:39', '5e39a67f-a536-472b-a34f-cbcee7766ea2'),
 ('39', '1', '1', 'aj_2.png', 'image', '700', '500', '248082', '2017-09-01 06:19:40', '2017-09-01 06:19:41', '2017-09-01 06:19:41', '77dd0e4b-fb68-4b5c-b963-8d1204e6d10e'),
 ('40', '1', '1', 'aj_3.png', 'image', '700', '500', '174521', '2017-09-01 06:19:41', '2017-09-01 06:19:42', '2017-09-01 06:19:42', '890e0105-b376-4f74-bf31-d724b73957c8'),
 ('41', '1', '1', 'rebdull_aoc_4.png', 'image', '700', '500', '238598', '2017-09-01 06:49:08', '2017-09-01 06:49:08', '2017-09-01 06:49:08', 'de5ab156-c528-4b6c-ba74-44d9e433fadc'),
 ('42', '1', '1', 'redbull_aoc_2.png', 'image', '700', '500', '345445', '2017-09-01 06:49:10', '2017-09-01 06:49:10', '2017-09-01 06:49:10', '5e372954-2697-4af1-ac4b-100c4f19aa2d'),
 ('43', '1', '1', 'redbull_aoc_3.png', 'image', '700', '500', '527468', '2017-09-01 06:49:11', '2017-09-01 06:49:11', '2017-09-01 06:49:11', '0d2b3e1e-75c4-448e-bc52-15e85cfeff6c'),
 ('44', '1', '1', 'redbull_aoc.png', 'image', '700', '500', '291534', '2017-09-01 06:49:13', '2017-09-01 06:49:13', '2017-09-01 06:49:13', 'df779382-3826-42a7-9e44-19b2eb892fe3'),
 ('45', '1', '1', 'banner_1.mp4', 'video', NULL, NULL, '2765642', '2017-09-01 15:19:09', '2017-09-01 15:19:09', '2017-09-01 15:19:09', '9874369e-610d-4df6-bf2d-392a482192ed'),
 ('46', '1', '1', 'banner_2.mp4', 'video', NULL, NULL, '12109035', '2017-09-01 16:29:24', '2017-09-01 15:50:30', '2017-09-01 16:29:27', '94c3bea9-4d42-4df7-b3c4-ee37ff2c20cd'),
 ('47', '1', '1', 'banner_3.mp4', 'video', NULL, NULL, '11014573', '2017-09-01 15:59:21', '2017-09-01 15:59:22', '2017-09-01 15:59:22', '1d8f4e01-c5df-4746-b406-e986982a91aa'),
 ('48', '1', '1', 'banner_4.mp4', 'video', NULL, NULL, '12216008', '2017-09-01 15:59:22', '2017-09-01 15:59:22', '2017-09-01 15:59:22', 'b732149b-d2d5-4a71-b6ca-06923331a435'),
 ('49', '1', '1', '2017-09-05-18_39_49.gif', 'image', '1600', '1076', '253973', '2017-09-06 01:40:16', '2017-09-06 01:40:16', '2017-09-06 01:40:16', 'dcca844d-1af3-4106-acf2-142f463ce0df'),
 ('50', '1', '1', 'banner_1.webm', 'video', NULL, NULL, '2387804', '2017-09-06 03:49:42', '2017-09-06 03:49:42', '2017-09-06 03:49:42', 'd3649d7f-c483-4c4d-b7e5-df666338ebc6');



DROP TABLE IF EXISTS `craft_assetfolders`;


--
-- Schema for table `craft_assetfolders`
--
CREATE TABLE `craft_assetfolders` (
  `id` int(11) NOT NULL AUTO_INCREMENT,
  `parentId` int(11) DEFAULT NULL,
  `sourceId` int(11) DEFAULT NULL,
  `name` varchar(255) COLLATE utf8_unicode_ci NOT NULL,
  `path` varchar(255) COLLATE utf8_unicode_ci DEFAULT NULL,
  `dateCreated` datetime NOT NULL,
  `dateUpdated` datetime NOT NULL,
  `uid` char(36) COLLATE utf8_unicode_ci NOT NULL DEFAULT '0',
  PRIMARY KEY (`id`),
  UNIQUE KEY `craft_assetfolders_name_parentId_sourceId_unq_idx` (`name`,`parentId`,`sourceId`),
  KEY `craft_assetfolders_parentId_fk` (`parentId`),
  KEY `craft_assetfolders_sourceId_fk` (`sourceId`)
) ENGINE=InnoDB AUTO_INCREMENT=2 DEFAULT CHARSET=utf8 COLLATE=utf8_unicode_ci;

--
-- Data for table `craft_assetfolders`
--

INSERT INTO `craft_assetfolders` (`id`, `parentId`, `sourceId`, `name`, `path`, `dateCreated`, `dateUpdated`, `uid`) VALUES
 ('1', NULL, '1', 'images', '', '2017-08-14 05:56:54', '2017-08-14 05:56:54', '35faa66d-4068-4037-bc0f-7ae47c063a06');



DROP TABLE IF EXISTS `craft_assetindexdata`;


--
-- Schema for table `craft_assetindexdata`
--
CREATE TABLE `craft_assetindexdata` (
  `id` int(11) NOT NULL AUTO_INCREMENT,
  `sessionId` varchar(36) COLLATE utf8_unicode_ci NOT NULL DEFAULT '',
  `sourceId` int(10) NOT NULL,
  `offset` int(10) NOT NULL,
  `uri` varchar(255) COLLATE utf8_unicode_ci DEFAULT NULL,
  `size` varchar(255) COLLATE utf8_unicode_ci DEFAULT NULL,
  `recordId` int(10) DEFAULT NULL,
  `dateCreated` datetime NOT NULL,
  `dateUpdated` datetime NOT NULL,
  `uid` char(36) COLLATE utf8_unicode_ci NOT NULL DEFAULT '0',
  PRIMARY KEY (`id`),
  UNIQUE KEY `craft_assetindexdata_sessionId_sourceId_offset_unq_idx` (`sessionId`,`sourceId`,`offset`),
  KEY `craft_assetindexdata_sourceId_fk` (`sourceId`)
) ENGINE=InnoDB DEFAULT CHARSET=utf8 COLLATE=utf8_unicode_ci;

DROP TABLE IF EXISTS `craft_assetsources`;


--
-- Schema for table `craft_assetsources`
--
CREATE TABLE `craft_assetsources` (
  `id` int(11) NOT NULL AUTO_INCREMENT,
  `name` varchar(255) COLLATE utf8_unicode_ci NOT NULL,
  `handle` varchar(255) COLLATE utf8_unicode_ci NOT NULL,
  `type` varchar(150) COLLATE utf8_unicode_ci NOT NULL,
  `settings` text COLLATE utf8_unicode_ci,
  `sortOrder` smallint(6) unsigned DEFAULT NULL,
  `fieldLayoutId` int(10) DEFAULT NULL,
  `dateCreated` datetime NOT NULL,
  `dateUpdated` datetime NOT NULL,
  `uid` char(36) COLLATE utf8_unicode_ci NOT NULL DEFAULT '0',
  PRIMARY KEY (`id`),
  UNIQUE KEY `craft_assetsources_name_unq_idx` (`name`),
  UNIQUE KEY `craft_assetsources_handle_unq_idx` (`handle`),
  KEY `craft_assetsources_fieldLayoutId_fk` (`fieldLayoutId`)
) ENGINE=InnoDB AUTO_INCREMENT=2 DEFAULT CHARSET=utf8 COLLATE=utf8_unicode_ci;

--
-- Data for table `craft_assetsources`
--

INSERT INTO `craft_assetsources` (`id`, `name`, `handle`, `type`, `settings`, `sortOrder`, `fieldLayoutId`, `dateCreated`, `dateUpdated`, `uid`) VALUES
 ('1', 'images', 'images', 'Local', '{\"path\":\"images\\/\",\"publicURLs\":\"1\",\"url\":\"{baseUrl}\\/images\\/\"}', '1', '20', '2017-08-14 05:56:54', '2017-08-17 02:35:05', '0c62e784-255c-46ea-8606-75ed2651876a');



DROP TABLE IF EXISTS `craft_assettransformindex`;


--
-- Schema for table `craft_assettransformindex`
--
CREATE TABLE `craft_assettransformindex` (
  `id` int(11) NOT NULL AUTO_INCREMENT,
  `fileId` int(11) NOT NULL,
  `filename` varchar(255) COLLATE utf8_unicode_ci DEFAULT NULL,
  `format` varchar(255) COLLATE utf8_unicode_ci DEFAULT NULL,
  `location` varchar(255) COLLATE utf8_unicode_ci NOT NULL,
  `sourceId` int(11) DEFAULT NULL,
  `fileExists` tinyint(1) DEFAULT NULL,
  `inProgress` tinyint(1) DEFAULT NULL,
  `dateIndexed` datetime DEFAULT NULL,
  `dateCreated` datetime NOT NULL,
  `dateUpdated` datetime NOT NULL,
  `uid` char(36) COLLATE utf8_unicode_ci NOT NULL DEFAULT '0',
  PRIMARY KEY (`id`),
  KEY `craft_assettransformindex_sourceId_fileId_location_idx` (`sourceId`,`fileId`,`location`)
) ENGINE=InnoDB DEFAULT CHARSET=utf8 COLLATE=utf8_unicode_ci;

DROP TABLE IF EXISTS `craft_assettransforms`;


--
-- Schema for table `craft_assettransforms`
--
CREATE TABLE `craft_assettransforms` (
  `id` int(11) NOT NULL AUTO_INCREMENT,
  `name` varchar(255) COLLATE utf8_unicode_ci NOT NULL,
  `handle` varchar(255) COLLATE utf8_unicode_ci NOT NULL,
  `mode` enum('stretch','fit','crop') COLLATE utf8_unicode_ci NOT NULL DEFAULT 'crop',
  `position` enum('top-left','top-center','top-right','center-left','center-center','center-right','bottom-left','bottom-center','bottom-right') COLLATE utf8_unicode_ci NOT NULL DEFAULT 'center-center',
  `height` int(10) DEFAULT NULL,
  `width` int(10) DEFAULT NULL,
  `format` varchar(255) COLLATE utf8_unicode_ci DEFAULT NULL,
  `quality` int(10) DEFAULT NULL,
  `dimensionChangeTime` datetime DEFAULT NULL,
  `dateCreated` datetime NOT NULL,
  `dateUpdated` datetime NOT NULL,
  `uid` char(36) COLLATE utf8_unicode_ci NOT NULL DEFAULT '0',
  PRIMARY KEY (`id`),
  UNIQUE KEY `craft_assettransforms_name_unq_idx` (`name`),
  UNIQUE KEY `craft_assettransforms_handle_unq_idx` (`handle`)
) ENGINE=InnoDB DEFAULT CHARSET=utf8 COLLATE=utf8_unicode_ci;

DROP TABLE IF EXISTS `craft_categories`;


--
-- Schema for table `craft_categories`
--
CREATE TABLE `craft_categories` (
  `id` int(11) NOT NULL,
  `groupId` int(11) NOT NULL,
  `dateCreated` datetime NOT NULL,
  `dateUpdated` datetime NOT NULL,
  `uid` char(36) COLLATE utf8_unicode_ci NOT NULL DEFAULT '0',
  PRIMARY KEY (`id`),
  KEY `craft_categories_groupId_fk` (`groupId`)
) ENGINE=InnoDB DEFAULT CHARSET=utf8 COLLATE=utf8_unicode_ci;

DROP TABLE IF EXISTS `craft_categorygroups`;


--
-- Schema for table `craft_categorygroups`
--
CREATE TABLE `craft_categorygroups` (
  `id` int(11) NOT NULL AUTO_INCREMENT,
  `structureId` int(11) NOT NULL,
  `fieldLayoutId` int(11) DEFAULT NULL,
  `name` varchar(255) COLLATE utf8_unicode_ci NOT NULL,
  `handle` varchar(255) COLLATE utf8_unicode_ci NOT NULL,
  `hasUrls` tinyint(1) unsigned NOT NULL DEFAULT '1',
  `template` varchar(500) COLLATE utf8_unicode_ci DEFAULT NULL,
  `dateCreated` datetime NOT NULL,
  `dateUpdated` datetime NOT NULL,
  `uid` char(36) COLLATE utf8_unicode_ci NOT NULL DEFAULT '0',
  PRIMARY KEY (`id`),
  UNIQUE KEY `craft_categorygroups_name_unq_idx` (`name`),
  UNIQUE KEY `craft_categorygroups_handle_unq_idx` (`handle`),
  KEY `craft_categorygroups_structureId_fk` (`structureId`),
  KEY `craft_categorygroups_fieldLayoutId_fk` (`fieldLayoutId`)
) ENGINE=InnoDB DEFAULT CHARSET=utf8 COLLATE=utf8_unicode_ci;

DROP TABLE IF EXISTS `craft_categorygroups_i18n`;


--
-- Schema for table `craft_categorygroups_i18n`
--
CREATE TABLE `craft_categorygroups_i18n` (
  `id` int(11) NOT NULL AUTO_INCREMENT,
  `groupId` int(11) NOT NULL,
  `locale` char(12) COLLATE utf8_unicode_ci NOT NULL,
  `urlFormat` text COLLATE utf8_unicode_ci,
  `nestedUrlFormat` text COLLATE utf8_unicode_ci,
  `dateCreated` datetime NOT NULL,
  `dateUpdated` datetime NOT NULL,
  `uid` char(36) COLLATE utf8_unicode_ci NOT NULL DEFAULT '0',
  PRIMARY KEY (`id`),
  UNIQUE KEY `craft_categorygroups_i18n_groupId_locale_unq_idx` (`groupId`,`locale`),
  KEY `craft_categorygroups_i18n_locale_fk` (`locale`)
) ENGINE=InnoDB DEFAULT CHARSET=utf8 COLLATE=utf8_unicode_ci;

DROP TABLE IF EXISTS `craft_content`;


--
-- Schema for table `craft_content`
--
CREATE TABLE `craft_content` (
  `id` int(11) NOT NULL AUTO_INCREMENT,
  `elementId` int(11) NOT NULL,
  `locale` char(12) COLLATE utf8_unicode_ci NOT NULL,
  `title` varchar(255) COLLATE utf8_unicode_ci DEFAULT NULL,
  `field_body` text COLLATE utf8_unicode_ci,
  `field_tagLine` text COLLATE utf8_unicode_ci,
  `dateCreated` datetime NOT NULL,
  `dateUpdated` datetime NOT NULL,
  `uid` char(36) COLLATE utf8_unicode_ci NOT NULL DEFAULT '0',
  PRIMARY KEY (`id`),
  UNIQUE KEY `craft_content_elementId_locale_unq_idx` (`elementId`,`locale`),
  KEY `craft_content_title_idx` (`title`),
  KEY `craft_content_locale_fk` (`locale`)
) ENGINE=InnoDB AUTO_INCREMENT=40 DEFAULT CHARSET=utf8 COLLATE=utf8_unicode_ci;

--
-- Data for table `craft_content`
--

INSERT INTO `craft_content` (`id`, `elementId`, `locale`, `title`, `field_body`, `field_tagLine`, `dateCreated`, `dateUpdated`, `uid`) VALUES
 ('1', '1', 'en_us', NULL, NULL, NULL, '2017-07-14 08:15:10', '2017-08-14 05:38:33', '97572d10-de28-46a1-b7f3-8295b8c2fab2'),
 ('2', '2', 'en_us', 'Homepage', '<ul><li>± Always looking for what makes something special. </li><li>± Analyzing  all angles. </li><li>± Powered by LaCroix, salmon fillets, &amp; fruit snacks.</li><li>± Working through 4582 ambitions one at a time.</li></ul>', '\" Compulsively Styling Sheets \"', '2017-07-14 08:15:13', '2017-08-27 03:50:31', '1f6ad31b-6140-4e75-9d47-0e4ee353b689'),
 ('4', '4', 'en_us', 'Screen Shot 2017 07 10 At 6 14 56 Pm', NULL, NULL, '2017-08-16 04:21:44', '2017-08-16 04:21:44', '4e061697-7fde-4770-a5ef-9d5f40d19345'),
 ('5', '5', 'en_us', 'Pasted.io ', NULL, NULL, '2017-08-16 04:22:34', '2017-09-01 05:45:53', 'cb67fed5-33d2-4e27-ab25-c81894214fb4'),
 ('7', '10', 'en_us', 'Global Citizen', NULL, NULL, '2017-08-19 17:05:20', '2017-09-01 05:42:35', '295bb6ea-74c8-483b-9f25-666545f6f27e'),
 ('8', '12', 'en_us', 'RedBull ', NULL, NULL, '2017-08-19 18:18:53', '2017-09-01 05:59:45', 'bbd94969-7d22-4bd2-8381-a9d6bd7f8f29'),
 ('9', '14', 'en_us', 'Nike', NULL, NULL, '2017-08-19 18:21:46', '2017-09-06 01:40:21', '7a7a7da9-f041-4aaf-80a1-aa849f8d95d6'),
 ('11', '17', 'en_us', 'Mozilla', NULL, NULL, '2017-08-21 07:18:07', '2017-09-01 16:40:42', 'e476e6cf-8679-444c-85ee-f4b14869006e'),
 ('12', '18', 'en_us', 'Aly + Jay', NULL, NULL, '2017-08-21 07:18:21', '2017-09-01 16:41:15', 'ab5cf0d4-3974-4f27-86a1-5be67afc2cdb'),
 ('13', '19', 'en_us', 'Nike', NULL, NULL, '2017-08-21 07:19:38', '2017-09-01 16:44:17', 'b35ad5c4-8d1b-4ba6-9532-2daee777236d'),
 ('14', '20', 'en_us', 'Redbull', NULL, NULL, '2017-08-21 07:19:47', '2017-09-01 16:46:03', 'dfd5215b-9c2f-453c-bc54-0be4e0e23d9f'),
 ('16', '27', 'en_us', 'Pasted 1', NULL, NULL, '2017-08-31 20:53:28', '2017-08-31 21:35:42', '62090af6-f1f3-4a70-811e-512a50ddefa5'),
 ('19', '30', 'en_us', 'Pasted 2', NULL, NULL, '2017-08-31 21:44:12', '2017-08-31 21:44:12', '79d69c15-c8d9-4243-8fa3-1770b65519c9'),
 ('20', '31', 'en_us', 'Gc 1', NULL, NULL, '2017-09-01 05:39:11', '2017-09-01 05:39:11', 'ee9687a2-6895-4575-a1f9-8117637490dd'),
 ('21', '32', 'en_us', 'Gc 2', NULL, NULL, '2017-09-01 05:39:13', '2017-09-01 05:39:13', '5a1456d2-5519-48f6-9fc5-72e715ad6648'),
 ('22', '33', 'en_us', 'Gc 3', NULL, NULL, '2017-09-01 05:39:14', '2017-09-01 05:39:14', '4da181b3-14a7-4303-b911-13b23952dbae'),
 ('23', '34', 'en_us', 'Rebull Lu', NULL, NULL, '2017-09-01 05:59:31', '2017-09-01 05:59:31', 'f5b916f7-221b-4e35-9ca5-cfdbb44e7479'),
 ('24', '35', 'en_us', 'Redbull Lu', NULL, NULL, '2017-09-01 05:59:33', '2017-09-01 05:59:33', 'e6d82eca-37d7-4d2d-b7ac-0b04d843a2a0'),
 ('25', '36', 'en_us', 'Mobiz 2', NULL, NULL, '2017-09-01 06:11:09', '2017-09-01 06:11:09', '35989d7e-3e8c-42c2-863a-c693dd962d55'),
 ('26', '37', 'en_us', 'Mo Biz', NULL, NULL, '2017-09-01 06:11:10', '2017-09-01 06:11:10', 'f62993d6-af1a-4cec-a22b-c189f2065d55'),
 ('27', '38', 'en_us', 'Aj 1', NULL, NULL, '2017-09-01 06:19:39', '2017-09-01 06:19:39', 'caeda8f9-45fc-4020-86ef-4989a5b29db8'),
 ('28', '39', 'en_us', 'Aj 2', NULL, NULL, '2017-09-01 06:19:40', '2017-09-01 06:19:40', '2a7dfa23-a8be-431b-9ff3-56645b0e599d'),
 ('29', '40', 'en_us', 'Aj 3', NULL, NULL, '2017-09-01 06:19:42', '2017-09-01 06:19:42', '56ebec47-db3d-48d5-adf2-51c4efacde1b'),
 ('30', '41', 'en_us', 'Rebdull Aoc 4', NULL, NULL, '2017-09-01 06:49:08', '2017-09-01 06:49:08', 'f614a3c1-1368-4b6f-8485-0fb76a949eab'),
 ('31', '42', 'en_us', 'Redbull Aoc 2', NULL, NULL, '2017-09-01 06:49:10', '2017-09-01 06:49:10', '897d4a1d-64b6-4ff9-9388-e40232a38504'),
 ('32', '43', 'en_us', 'Redbull Aoc 3', NULL, NULL, '2017-09-01 06:49:11', '2017-09-01 06:49:11', 'fb75c204-c1d6-4f03-a2c7-4b6df42c736e'),
 ('33', '44', 'en_us', 'Redbull Aoc', NULL, NULL, '2017-09-01 06:49:13', '2017-09-01 06:49:13', '47099cae-e872-4b66-b92b-1661c171412a'),
 ('34', '45', 'en_us', 'Banner 1', NULL, NULL, '2017-09-01 15:19:09', '2017-09-01 15:19:09', '570e54b2-fa10-4d9f-8c7a-6ce42e8e164e'),
 ('35', '46', 'en_us', 'Banner 2', NULL, NULL, '2017-09-01 15:50:30', '2017-09-01 16:29:27', '8cf544d6-76ed-4c92-a77b-3f968d4bb5d1'),
 ('36', '47', 'en_us', 'Banner 3', NULL, NULL, '2017-09-01 15:59:22', '2017-09-01 15:59:22', '6fd5637c-f29a-46cd-959d-ba82c001a4b1'),
 ('37', '48', 'en_us', 'Banner 4', NULL, NULL, '2017-09-01 15:59:22', '2017-09-01 15:59:22', 'e1f49bdd-b35e-4724-b21d-6e4d34c5a95f'),
 ('38', '49', 'en_us', '2017 09 05 18 39 49', NULL, NULL, '2017-09-06 01:40:16', '2017-09-06 01:40:16', 'f2706f1b-4986-4c85-af04-3777cbd60a46'),
 ('39', '50', 'en_us', 'Banner 1', NULL, NULL, '2017-09-06 03:49:42', '2017-09-06 03:49:42', '072d59ac-429a-45c7-993a-34f14f694fb7');



DROP TABLE IF EXISTS `craft_deprecationerrors`;


--
-- Schema for table `craft_deprecationerrors`
--
CREATE TABLE `craft_deprecationerrors` (
  `id` int(11) NOT NULL AUTO_INCREMENT,
  `key` varchar(255) COLLATE utf8_unicode_ci NOT NULL,
  `fingerprint` varchar(255) COLLATE utf8_unicode_ci NOT NULL,
  `lastOccurrence` datetime NOT NULL,
  `file` varchar(255) COLLATE utf8_unicode_ci NOT NULL,
  `line` smallint(6) unsigned NOT NULL,
  `class` varchar(255) COLLATE utf8_unicode_ci DEFAULT NULL,
  `method` varchar(255) COLLATE utf8_unicode_ci DEFAULT NULL,
  `template` varchar(255) COLLATE utf8_unicode_ci DEFAULT NULL,
  `templateLine` smallint(6) unsigned DEFAULT NULL,
  `message` varchar(255) COLLATE utf8_unicode_ci DEFAULT NULL,
  `traces` text COLLATE utf8_unicode_ci,
  `dateCreated` datetime NOT NULL,
  `dateUpdated` datetime NOT NULL,
  `uid` char(36) COLLATE utf8_unicode_ci NOT NULL DEFAULT '0',
  PRIMARY KEY (`id`),
  UNIQUE KEY `craft_deprecationerrors_key_fingerprint_unq_idx` (`key`,`fingerprint`)
) ENGINE=InnoDB DEFAULT CHARSET=utf8 COLLATE=utf8_unicode_ci;

DROP TABLE IF EXISTS `craft_elementindexsettings`;


--
-- Schema for table `craft_elementindexsettings`
--
CREATE TABLE `craft_elementindexsettings` (
  `id` int(11) NOT NULL AUTO_INCREMENT,
  `type` varchar(150) COLLATE utf8_unicode_ci NOT NULL,
  `settings` text COLLATE utf8_unicode_ci,
  `dateCreated` datetime NOT NULL,
  `dateUpdated` datetime NOT NULL,
  `uid` char(36) COLLATE utf8_unicode_ci NOT NULL DEFAULT '0',
  PRIMARY KEY (`id`),
  UNIQUE KEY `craft_elementindexsettings_type_unq_idx` (`type`)
) ENGINE=InnoDB DEFAULT CHARSET=utf8 COLLATE=utf8_unicode_ci;

DROP TABLE IF EXISTS `craft_elements`;


--
-- Schema for table `craft_elements`
--
CREATE TABLE `craft_elements` (
  `id` int(11) NOT NULL AUTO_INCREMENT,
  `type` varchar(150) COLLATE utf8_unicode_ci NOT NULL,
  `enabled` tinyint(1) unsigned NOT NULL DEFAULT '1',
  `archived` tinyint(1) unsigned NOT NULL DEFAULT '0',
  `dateCreated` datetime NOT NULL,
  `dateUpdated` datetime NOT NULL,
  `uid` char(36) COLLATE utf8_unicode_ci NOT NULL DEFAULT '0',
  PRIMARY KEY (`id`),
  KEY `craft_elements_type_idx` (`type`),
  KEY `craft_elements_enabled_idx` (`enabled`),
  KEY `craft_elements_archived_dateCreated_idx` (`archived`,`dateCreated`)
) ENGINE=InnoDB AUTO_INCREMENT=51 DEFAULT CHARSET=utf8 COLLATE=utf8_unicode_ci;

--
-- Data for table `craft_elements`
--

INSERT INTO `craft_elements` (`id`, `type`, `enabled`, `archived`, `dateCreated`, `dateUpdated`, `uid`) VALUES
 ('1', 'User', '1', '0', '2017-07-14 08:15:10', '2017-08-14 05:38:33', 'b6f6461a-65e9-45e9-9337-803e12c7bc99'),
 ('2', 'Entry', '1', '0', '2017-07-14 08:15:13', '2017-08-27 03:50:31', '8674ef7b-372b-41d1-a47c-02efff8ccde4'),
 ('4', 'Asset', '1', '0', '2017-08-16 04:21:44', '2017-08-16 04:21:44', '26b35503-552f-430e-aca5-dcb6ecc84ffd'),
 ('5', 'Entry', '1', '0', '2017-08-16 04:22:34', '2017-09-01 05:45:53', 'a31042d7-7ca2-4318-ad99-c69aa3d0828b'),
 ('6', 'MatrixBlock', '1', '0', '2017-08-16 04:22:34', '2017-09-01 05:45:53', 'b520dec4-b3d5-41ee-9f65-8eef64424f75'),
 ('10', 'Entry', '1', '0', '2017-08-19 17:05:20', '2017-09-01 05:42:35', '1c2781a8-6073-4766-a135-bc24122575a4'),
 ('11', 'MatrixBlock', '1', '0', '2017-08-19 17:05:20', '2017-09-01 05:42:35', 'a8d4e91e-fef5-486c-9fce-d0a3c1c0f2a1'),
 ('12', 'Entry', '1', '0', '2017-08-19 18:18:53', '2017-09-01 05:59:45', 'f215a305-8d79-4c6e-ad56-f2dd03ff625f'),
 ('13', 'MatrixBlock', '1', '0', '2017-08-19 18:19:53', '2017-09-01 05:59:45', 'f797258c-b389-4392-9eb6-5bd9e63af7be'),
 ('14', 'Entry', '1', '0', '2017-08-19 18:21:46', '2017-09-06 01:40:21', 'e8337de9-a40b-41a3-8375-2c4d55491c7f'),
 ('15', 'MatrixBlock', '1', '0', '2017-08-19 18:21:46', '2017-09-06 01:40:21', '35510ee2-ab19-4e77-b232-2bb484b4dbed'),
 ('17', 'Entry', '1', '0', '2017-08-21 07:18:07', '2017-09-01 16:40:42', 'bcda65fd-763e-4b2f-a14e-4376d29d3dba'),
 ('18', 'Entry', '1', '0', '2017-08-21 07:18:21', '2017-09-01 16:41:15', '91f65e30-ea6d-4375-96d2-d8e70d504c31'),
 ('19', 'Entry', '1', '0', '2017-08-21 07:19:38', '2017-09-01 16:44:17', '881cfd5a-4409-40c6-91ff-5aef8bb46569'),
 ('20', 'Entry', '1', '0', '2017-08-21 07:19:47', '2017-09-01 16:46:03', '08448ef0-c05f-4248-aed1-b4e961563c81'),
 ('21', 'MatrixBlock', '1', '0', '2017-08-21 07:20:38', '2017-09-01 16:41:15', 'baf3ed2f-15c5-44f1-a111-bdd4830d193f'),
 ('22', 'MatrixBlock', '1', '0', '2017-08-21 07:20:47', '2017-09-01 16:44:17', '40ce7f58-39ea-4806-b4ab-268f28846917'),
 ('23', 'MatrixBlock', '1', '0', '2017-08-21 07:20:56', '2017-09-01 16:46:03', 'a4a6653b-36fa-4028-b3ae-b37569a6e286'),
 ('24', 'MatrixBlock', '1', '0', '2017-08-21 07:21:06', '2017-09-01 16:40:43', 'ad0da8b0-d8cc-4fc0-a2de-b9f714b5b379'),
 ('25', 'MatrixBlock', '1', '0', '2017-08-26 19:16:08', '2017-08-27 03:50:31', '968e3154-12d2-4cdd-89fc-f3deb606039e'),
 ('27', 'Asset', '1', '0', '2017-08-31 20:53:28', '2017-08-31 21:35:42', '5fc86e4f-044f-4674-ada9-8d8c5af346e5'),
 ('30', 'Asset', '1', '0', '2017-08-31 21:44:12', '2017-08-31 21:44:12', 'c2476228-e845-4095-bef5-5817ddf3073c'),
 ('31', 'Asset', '1', '0', '2017-09-01 05:39:11', '2017-09-01 05:39:11', 'e979c11b-65e4-4b46-9e64-2f98f5a1a9bc'),
 ('32', 'Asset', '1', '0', '2017-09-01 05:39:13', '2017-09-01 05:39:13', '6fa306be-0285-4040-b359-507ccf7e415e'),
 ('33', 'Asset', '1', '0', '2017-09-01 05:39:14', '2017-09-01 05:39:14', 'e0eebe5e-08e8-4fb0-a8ab-b8e5e272b2ea'),
 ('34', 'Asset', '1', '0', '2017-09-01 05:59:31', '2017-09-01 05:59:31', 'b47dc1ff-b843-4880-a41b-889dd2357684'),
 ('35', 'Asset', '1', '0', '2017-09-01 05:59:33', '2017-09-01 05:59:33', '22eb7da1-82d6-443f-9c26-10e7a1a30bd2'),
 ('36', 'Asset', '1', '0', '2017-09-01 06:11:09', '2017-09-01 06:11:09', '8e2dce91-3e79-45f0-b6a6-92cd1b25d83d'),
 ('37', 'Asset', '1', '0', '2017-09-01 06:11:10', '2017-09-01 06:11:10', '08225bf7-606e-481c-8baf-857c87f252b3'),
 ('38', 'Asset', '1', '0', '2017-09-01 06:19:39', '2017-09-01 06:19:39', '693a2c09-5ada-4b27-a88e-43e4ff808a15'),
 ('39', 'Asset', '1', '0', '2017-09-01 06:19:40', '2017-09-01 06:19:40', '00ba2c91-2352-4986-9f7d-d02f3c0e5792'),
 ('40', 'Asset', '1', '0', '2017-09-01 06:19:41', '2017-09-01 06:19:41', 'f82f1f07-d96f-4fcd-9319-e90ee3412f0f'),
 ('41', 'Asset', '1', '0', '2017-09-01 06:49:08', '2017-09-01 06:49:08', 'f107de7e-b9e6-4c42-b5e1-00992acc89f1'),
 ('42', 'Asset', '1', '0', '2017-09-01 06:49:10', '2017-09-01 06:49:10', '2d080e60-4c7f-478f-bc66-750989470d02'),
 ('43', 'Asset', '1', '0', '2017-09-01 06:49:11', '2017-09-01 06:49:11', 'b11d346b-340b-4a8e-8251-b1810765a169'),
 ('44', 'Asset', '1', '0', '2017-09-01 06:49:13', '2017-09-01 06:49:13', 'ef1824a5-630a-4fe3-8f8a-990a9fdf0307'),
 ('45', 'Asset', '1', '0', '2017-09-01 15:19:09', '2017-09-01 15:19:09', 'a00ee7d2-4c5b-4f7b-bd6b-11d1ed7682dd'),
 ('46', 'Asset', '1', '0', '2017-09-01 15:50:30', '2017-09-01 16:29:27', '18633a76-2b1d-4f30-9569-bc8f2cb52a09'),
 ('47', 'Asset', '1', '0', '2017-09-01 15:59:22', '2017-09-01 15:59:22', '50e6730a-1e77-4c4b-86c0-3619d1aeb65e'),
 ('48', 'Asset', '1', '0', '2017-09-01 15:59:22', '2017-09-01 15:59:22', '58dbefb3-b9a5-4467-87a4-31a8d029be9f'),
 ('49', 'Asset', '1', '0', '2017-09-06 01:40:16', '2017-09-06 01:40:16', '6e5080ec-d688-4c59-b1c6-f3671242b2a8'),
 ('50', 'Asset', '1', '0', '2017-09-06 03:49:42', '2017-09-06 03:49:42', 'df20139b-dce4-4670-adeb-e784073f99b9');



DROP TABLE IF EXISTS `craft_elements_i18n`;


--
-- Schema for table `craft_elements_i18n`
--
CREATE TABLE `craft_elements_i18n` (
  `id` int(11) NOT NULL AUTO_INCREMENT,
  `elementId` int(11) NOT NULL,
  `locale` char(12) COLLATE utf8_unicode_ci NOT NULL,
  `slug` varchar(255) COLLATE utf8_unicode_ci DEFAULT NULL,
  `uri` varchar(255) COLLATE utf8_unicode_ci DEFAULT NULL,
  `enabled` tinyint(1) unsigned NOT NULL DEFAULT '1',
  `dateCreated` datetime NOT NULL,
  `dateUpdated` datetime NOT NULL,
  `uid` char(36) COLLATE utf8_unicode_ci NOT NULL DEFAULT '0',
  PRIMARY KEY (`id`),
  UNIQUE KEY `craft_elements_i18n_elementId_locale_unq_idx` (`elementId`,`locale`),
  UNIQUE KEY `craft_elements_i18n_uri_locale_unq_idx` (`uri`,`locale`),
  KEY `craft_elements_i18n_slug_locale_idx` (`slug`,`locale`),
  KEY `craft_elements_i18n_enabled_idx` (`enabled`),
  KEY `craft_elements_i18n_locale_fk` (`locale`)
) ENGINE=InnoDB AUTO_INCREMENT=51 DEFAULT CHARSET=utf8 COLLATE=utf8_unicode_ci;

--
-- Data for table `craft_elements_i18n`
--

INSERT INTO `craft_elements_i18n` (`id`, `elementId`, `locale`, `slug`, `uri`, `enabled`, `dateCreated`, `dateUpdated`, `uid`) VALUES
 ('1', '1', 'en_us', '', NULL, '1', '2017-07-14 08:15:10', '2017-08-14 05:38:33', 'e5d4ae29-d3ed-4c1c-bf92-f8e9dd826f99'),
 ('2', '2', 'en_us', 'homepage', '__home__', '1', '2017-07-14 08:15:13', '2017-08-27 03:50:31', 'f6b095e4-ec3f-443c-aad6-8a7f035b9919'),
 ('4', '4', 'en_us', 'screen-shot-2017-07-10-at-6-14-56-pm', NULL, '1', '2017-08-16 04:21:44', '2017-08-16 04:21:44', '6dd374ac-d562-4aa5-b704-752389ff12f7'),
 ('5', '5', 'en_us', 'fgdgdfgdsfg', 'gallery/fgdgdfgdsfg', '1', '2017-08-16 04:22:34', '2017-09-01 05:45:53', '76f63e74-4940-4dad-8abf-b12ca8480cbd'),
 ('6', '6', 'en_us', '', NULL, '1', '2017-08-16 04:22:34', '2017-09-01 05:45:53', 'eaf47f82-c7dc-4a36-b425-a1f8f1f89b4b'),
 ('10', '10', 'en_us', 'global-citizen', 'gallery/global-citizen', '1', '2017-08-19 17:05:20', '2017-09-01 05:42:35', 'f7c5ab5c-b49e-46aa-a254-efeea1abd6c4'),
 ('11', '11', 'en_us', '', NULL, '1', '2017-08-19 17:05:20', '2017-09-01 05:42:35', 'd8f289d3-bf92-4607-922f-53dc7d5f91fc'),
 ('12', '12', 'en_us', 'redbull', 'gallery/redbull', '1', '2017-08-19 18:18:53', '2017-09-01 05:59:45', 'afd2f426-04f7-4ffd-9d1b-4c7cd65366de'),
 ('13', '13', 'en_us', '', NULL, '1', '2017-08-19 18:19:53', '2017-09-01 05:59:45', '780da3cd-1b44-4853-8a76-c5b70713b103'),
 ('14', '14', 'en_us', 'nike', 'gallery/nike', '1', '2017-08-19 18:21:46', '2017-09-06 01:40:21', '828944c9-4a97-45a8-b46d-29a17a72d86f'),
 ('15', '15', 'en_us', '', NULL, '1', '2017-08-19 18:21:46', '2017-09-06 01:40:21', '38aa87bf-c293-47be-bd04-fb71576bdb37'),
 ('17', '17', 'en_us', 'mozilla', 'gallery/mozilla', '1', '2017-08-21 07:18:07', '2017-09-01 16:40:43', 'f90c7ab6-f349-450d-9605-1f504cab67f6'),
 ('18', '18', 'en_us', 'aly-jay', 'gallery/aly-jay', '1', '2017-08-21 07:18:21', '2017-09-01 16:41:15', '93426576-695d-435a-ab08-944529e8187a'),
 ('19', '19', 'en_us', 'nike-1', 'gallery/nike-1', '1', '2017-08-21 07:19:38', '2017-09-01 16:44:17', 'd3070e49-a03d-495d-a7bb-f230be825d4d'),
 ('20', '20', 'en_us', 'redbull-1', 'gallery/redbull-1', '1', '2017-08-21 07:19:47', '2017-09-01 16:46:03', '02e8bcc9-0f0b-4c69-8799-e7882e9a02bf'),
 ('21', '21', 'en_us', '', NULL, '1', '2017-08-21 07:20:38', '2017-09-01 16:41:15', '2aad244f-d630-4dc6-9796-e06d7298c586'),
 ('22', '22', 'en_us', '', NULL, '1', '2017-08-21 07:20:47', '2017-09-01 16:44:17', '40e761ff-973b-4504-8a13-4f74125d29bf'),
 ('23', '23', 'en_us', '', NULL, '1', '2017-08-21 07:20:56', '2017-09-01 16:46:03', '5fc8a200-67a5-4b9c-9e46-e70d2ca1e6b0'),
 ('24', '24', 'en_us', '', NULL, '1', '2017-08-21 07:21:06', '2017-09-01 16:40:43', '44012a6e-20a8-4a43-8fd1-506898d0e975'),
 ('25', '25', 'en_us', '', NULL, '1', '2017-08-26 19:16:08', '2017-08-27 03:50:31', '30769cb9-d859-4ea8-9fd1-ce80cc991a3b'),
 ('27', '27', 'en_us', 'pasted-1', NULL, '1', '2017-08-31 20:53:28', '2017-08-31 21:35:42', '18b7fa54-c107-49f4-baab-981a4c579238'),
 ('30', '30', 'en_us', 'pasted-2', NULL, '1', '2017-08-31 21:44:12', '2017-08-31 21:44:12', '5e40f6fa-e45f-49ee-970e-f191f4cf3eac'),
 ('31', '31', 'en_us', 'gc-1', NULL, '1', '2017-09-01 05:39:11', '2017-09-01 05:39:11', '1f5e380a-a76b-41f9-b589-0a87b1d02b78'),
 ('32', '32', 'en_us', 'gc-2', NULL, '1', '2017-09-01 05:39:13', '2017-09-01 05:39:13', '06ab7b3b-1a8f-4d8d-9d31-34deead41a30'),
 ('33', '33', 'en_us', 'gc-3', NULL, '1', '2017-09-01 05:39:15', '2017-09-01 05:39:15', 'a4039471-dde6-46e8-941b-6113632d3fe2'),
 ('34', '34', 'en_us', 'rebull-lu', NULL, '1', '2017-09-01 05:59:31', '2017-09-01 05:59:31', 'e53a8f26-9401-41ee-a2e5-15c96f8359f4'),
 ('35', '35', 'en_us', 'redbull-lu', NULL, '1', '2017-09-01 05:59:33', '2017-09-01 05:59:33', '68ca5580-7047-4f6b-ace0-75928fbfa20a'),
 ('36', '36', 'en_us', 'mobiz-2', NULL, '1', '2017-09-01 06:11:09', '2017-09-01 06:11:09', '30e400b8-a409-4f0e-81d2-1a3272bc4a9e'),
 ('37', '37', 'en_us', 'mo-biz', NULL, '1', '2017-09-01 06:11:10', '2017-09-01 06:11:10', '91a9f320-a66a-45a6-abee-c4a0e06e4b54'),
 ('38', '38', 'en_us', 'aj-1', NULL, '1', '2017-09-01 06:19:39', '2017-09-01 06:19:39', '1a686dfc-63d7-4ba9-8235-1edaafecea95'),
 ('39', '39', 'en_us', 'aj-2', NULL, '1', '2017-09-01 06:19:41', '2017-09-01 06:19:41', '7cec9752-b973-47e6-b7c1-b6e5f5de84a9'),
 ('40', '40', 'en_us', 'aj-3', NULL, '1', '2017-09-01 06:19:42', '2017-09-01 06:19:42', '1e068687-34d4-4fcb-adaa-c59dca65f371'),
 ('41', '41', 'en_us', 'rebdull-aoc-4', NULL, '1', '2017-09-01 06:49:08', '2017-09-01 06:49:08', '2de2c8bc-99a6-4af8-baf8-833c79df95ad'),
 ('42', '42', 'en_us', 'redbull-aoc-2', NULL, '1', '2017-09-01 06:49:10', '2017-09-01 06:49:10', '461bd90a-0c6d-4ff9-9e10-8d7a71019efa'),
 ('43', '43', 'en_us', 'redbull-aoc-3', NULL, '1', '2017-09-01 06:49:11', '2017-09-01 06:49:11', 'cb7568c0-a10f-408c-9b8d-be8c80b9d1b8'),
 ('44', '44', 'en_us', 'redbull-aoc', NULL, '1', '2017-09-01 06:49:13', '2017-09-01 06:49:13', 'a338d0f6-6e6c-415e-89ce-038893f1d09e'),
 ('45', '45', 'en_us', 'banner-1', NULL, '1', '2017-09-01 15:19:09', '2017-09-01 15:19:09', 'f38a2fc6-075f-4007-957f-db3c07b871db'),
 ('46', '46', 'en_us', 'banner-2', NULL, '1', '2017-09-01 15:50:30', '2017-09-01 16:29:27', '50d96338-5b15-4da6-921a-a4ef280c7da3'),
 ('47', '47', 'en_us', 'banner-3', NULL, '1', '2017-09-01 15:59:22', '2017-09-01 15:59:22', '01763674-e3b7-4677-8ea7-4cf1f807fd27'),
 ('48', '48', 'en_us', 'banner-4', NULL, '1', '2017-09-01 15:59:22', '2017-09-01 15:59:22', 'cccb3a0d-cd4a-4ec3-a618-4b5054ead0bc'),
 ('49', '49', 'en_us', '2017-09-05-18-39-49', NULL, '1', '2017-09-06 01:40:16', '2017-09-06 01:40:16', '4317b700-c0ed-449d-96c6-4c9042a8e097'),
 ('50', '50', 'en_us', 'banner-1', NULL, '1', '2017-09-06 03:49:42', '2017-09-06 03:49:42', 'a46d7803-73fc-4323-a931-52f0412bf8e3');



DROP TABLE IF EXISTS `craft_emailmessages`;


--
-- Schema for table `craft_emailmessages`
--
CREATE TABLE `craft_emailmessages` (
  `id` int(11) NOT NULL AUTO_INCREMENT,
  `key` char(150) COLLATE utf8_unicode_ci NOT NULL,
  `locale` char(12) COLLATE utf8_unicode_ci NOT NULL,
  `subject` varchar(1000) COLLATE utf8_unicode_ci NOT NULL,
  `body` text COLLATE utf8_unicode_ci NOT NULL,
  `dateCreated` datetime NOT NULL,
  `dateUpdated` datetime NOT NULL,
  `uid` char(36) COLLATE utf8_unicode_ci NOT NULL DEFAULT '0',
  PRIMARY KEY (`id`),
  UNIQUE KEY `craft_emailmessages_key_locale_unq_idx` (`key`,`locale`),
  KEY `craft_emailmessages_locale_fk` (`locale`)
) ENGINE=InnoDB DEFAULT CHARSET=utf8 COLLATE=utf8_unicode_ci;

DROP TABLE IF EXISTS `craft_entries`;


--
-- Schema for table `craft_entries`
--
CREATE TABLE `craft_entries` (
  `id` int(11) NOT NULL,
  `sectionId` int(11) NOT NULL,
  `typeId` int(11) DEFAULT NULL,
  `authorId` int(11) DEFAULT NULL,
  `postDate` datetime DEFAULT NULL,
  `expiryDate` datetime DEFAULT NULL,
  `dateCreated` datetime NOT NULL,
  `dateUpdated` datetime NOT NULL,
  `uid` char(36) COLLATE utf8_unicode_ci NOT NULL DEFAULT '0',
  PRIMARY KEY (`id`),
  KEY `craft_entries_sectionId_idx` (`sectionId`),
  KEY `craft_entries_typeId_idx` (`typeId`),
  KEY `craft_entries_postDate_idx` (`postDate`),
  KEY `craft_entries_expiryDate_idx` (`expiryDate`),
  KEY `craft_entries_authorId_fk` (`authorId`)
) ENGINE=InnoDB DEFAULT CHARSET=utf8 COLLATE=utf8_unicode_ci;

--
-- Data for table `craft_entries`
--

INSERT INTO `craft_entries` (`id`, `sectionId`, `typeId`, `authorId`, `postDate`, `expiryDate`, `dateCreated`, `dateUpdated`, `uid`) VALUES
 ('2', '1', NULL, NULL, '2017-07-14 08:15:13', NULL, '2017-07-14 08:15:13', '2017-08-27 03:50:31', '0acadc9d-6a77-402c-89b8-010c9d2aceda'),
 ('5', '2', '2', '1', '2017-08-16 04:22:00', NULL, '2017-08-16 04:22:34', '2017-09-01 05:45:53', 'c4bee00f-fe36-4c9d-bc17-8ef31897345d'),
 ('10', '2', '2', '1', '2017-08-19 17:05:00', NULL, '2017-08-19 17:05:20', '2017-09-01 05:42:35', '1a7cab83-2f57-4dd7-b951-a72c86ab3e98'),
 ('12', '2', '2', '1', '2017-08-19 18:18:00', NULL, '2017-08-19 18:18:53', '2017-09-01 05:59:45', 'dd211239-389e-45eb-a10e-0dc4c3c47b00'),
 ('14', '2', '2', '1', '2017-08-19 18:21:00', NULL, '2017-08-19 18:21:46', '2017-09-06 01:40:21', '1e17e139-a35f-49c0-81f9-b599b88168e3'),
 ('17', '2', '2', '1', '2017-08-21 07:18:00', NULL, '2017-08-21 07:18:07', '2017-09-01 16:40:43', 'bcfacad7-0218-4c2e-b569-7d0b69e9b403'),
 ('18', '2', '2', '1', '2017-08-21 07:18:00', NULL, '2017-08-21 07:18:21', '2017-09-01 16:41:15', 'cc9231db-7d29-4ea3-b216-9b4f83740e79'),
 ('19', '2', '2', '1', '2017-08-21 07:19:00', NULL, '2017-08-21 07:19:38', '2017-09-01 16:44:17', '0113a713-05f7-4398-bd60-2dba487597cd'),
 ('20', '2', '2', '1', '2017-08-21 07:19:00', NULL, '2017-08-21 07:19:47', '2017-09-01 16:46:04', '73dd44c9-8463-4187-97ae-65aa15883171');



DROP TABLE IF EXISTS `craft_entrydrafts`;


--
-- Schema for table `craft_entrydrafts`
--
CREATE TABLE `craft_entrydrafts` (
  `id` int(11) NOT NULL AUTO_INCREMENT,
  `entryId` int(11) NOT NULL,
  `sectionId` int(11) NOT NULL,
  `creatorId` int(11) NOT NULL,
  `locale` char(12) COLLATE utf8_unicode_ci NOT NULL,
  `name` varchar(255) COLLATE utf8_unicode_ci NOT NULL,
  `notes` tinytext COLLATE utf8_unicode_ci,
  `data` mediumtext COLLATE utf8_unicode_ci NOT NULL,
  `dateCreated` datetime NOT NULL,
  `dateUpdated` datetime NOT NULL,
  `uid` char(36) COLLATE utf8_unicode_ci NOT NULL DEFAULT '0',
  PRIMARY KEY (`id`),
  KEY `craft_entrydrafts_entryId_locale_idx` (`entryId`,`locale`),
  KEY `craft_entrydrafts_sectionId_fk` (`sectionId`),
  KEY `craft_entrydrafts_creatorId_fk` (`creatorId`),
  KEY `craft_entrydrafts_locale_fk` (`locale`)
) ENGINE=InnoDB DEFAULT CHARSET=utf8 COLLATE=utf8_unicode_ci;

DROP TABLE IF EXISTS `craft_entrytypes`;


--
-- Schema for table `craft_entrytypes`
--
CREATE TABLE `craft_entrytypes` (
  `id` int(11) NOT NULL AUTO_INCREMENT,
  `sectionId` int(11) NOT NULL,
  `fieldLayoutId` int(11) DEFAULT NULL,
  `name` varchar(255) COLLATE utf8_unicode_ci NOT NULL,
  `handle` varchar(255) COLLATE utf8_unicode_ci NOT NULL,
  `hasTitleField` tinyint(1) unsigned NOT NULL DEFAULT '1',
  `titleLabel` varchar(255) COLLATE utf8_unicode_ci DEFAULT 'Title',
  `titleFormat` varchar(255) COLLATE utf8_unicode_ci DEFAULT NULL,
  `sortOrder` smallint(6) unsigned DEFAULT NULL,
  `dateCreated` datetime NOT NULL,
  `dateUpdated` datetime NOT NULL,
  `uid` char(36) COLLATE utf8_unicode_ci NOT NULL DEFAULT '0',
  PRIMARY KEY (`id`),
  UNIQUE KEY `craft_entrytypes_name_sectionId_unq_idx` (`name`,`sectionId`),
  UNIQUE KEY `craft_entrytypes_handle_sectionId_unq_idx` (`handle`,`sectionId`),
  KEY `craft_entrytypes_sectionId_fk` (`sectionId`),
  KEY `craft_entrytypes_fieldLayoutId_fk` (`fieldLayoutId`)
) ENGINE=InnoDB AUTO_INCREMENT=3 DEFAULT CHARSET=utf8 COLLATE=utf8_unicode_ci;

--
-- Data for table `craft_entrytypes`
--

INSERT INTO `craft_entrytypes` (`id`, `sectionId`, `fieldLayoutId`, `name`, `handle`, `hasTitleField`, `titleLabel`, `titleFormat`, `sortOrder`, `dateCreated`, `dateUpdated`, `uid`) VALUES
 ('1', '1', '29', 'Homepage', 'homepage', '1', 'Title', NULL, '1', '2017-07-14 08:15:13', '2017-08-26 19:14:32', '492170a4-f872-436f-8af0-c6b3cb065193'),
 ('2', '2', '31', 'gallery', 'gallery', '1', 'Title', NULL, '1', '2017-08-14 05:31:58', '2017-09-06 03:44:44', '79477a8c-e786-4528-9b2a-5cfb8a81f319');



DROP TABLE IF EXISTS `craft_entryversions`;


--
-- Schema for table `craft_entryversions`
--
CREATE TABLE `craft_entryversions` (
  `id` int(11) NOT NULL AUTO_INCREMENT,
  `entryId` int(11) NOT NULL,
  `sectionId` int(11) NOT NULL,
  `creatorId` int(11) DEFAULT NULL,
  `locale` char(12) COLLATE utf8_unicode_ci NOT NULL,
  `num` smallint(6) unsigned NOT NULL,
  `notes` tinytext COLLATE utf8_unicode_ci,
  `data` mediumtext COLLATE utf8_unicode_ci NOT NULL,
  `dateCreated` datetime NOT NULL,
  `dateUpdated` datetime NOT NULL,
  `uid` char(36) COLLATE utf8_unicode_ci NOT NULL DEFAULT '0',
  PRIMARY KEY (`id`),
  KEY `craft_entryversions_entryId_locale_idx` (`entryId`,`locale`),
  KEY `craft_entryversions_sectionId_fk` (`sectionId`),
  KEY `craft_entryversions_creatorId_fk` (`creatorId`),
  KEY `craft_entryversions_locale_fk` (`locale`)
) ENGINE=InnoDB AUTO_INCREMENT=110 DEFAULT CHARSET=utf8 COLLATE=utf8_unicode_ci;

--
-- Data for table `craft_entryversions`
--

INSERT INTO `craft_entryversions` (`id`, `entryId`, `sectionId`, `creatorId`, `locale`, `num`, `notes`, `data`, `dateCreated`, `dateUpdated`, `uid`) VALUES
 ('1', '2', '1', '1', 'en_us', '1', NULL, '{\"typeId\":\"1\",\"authorId\":null,\"title\":\"Homepage\",\"slug\":\"homepage\",\"postDate\":1500020113,\"expiryDate\":null,\"enabled\":1,\"parentId\":null,\"fields\":[]}', '2017-07-14 08:15:13', '2017-07-14 08:15:13', '32d81c66-a685-491d-a6c3-9f60fd6c0ff6'),
 ('3', '2', '1', '1', 'en_us', '2', '', '{\"typeId\":null,\"authorId\":null,\"title\":\"Homepage\",\"slug\":\"homepage\",\"postDate\":1500020113,\"expiryDate\":null,\"enabled\":1,\"parentId\":null,\"fields\":{\"1\":\"<p>My driver\'s license says my name is Brittany, but most call me Jazzy. &nbsp;I\'m a digital creative type currently living in Portland, Oregon, but will be soon moving to the Central Valley (sept 2017). &nbsp;I have a passion for design and technology and enjoy making them work well together. &nbsp;I have a degree in architecture, this background has provided me with a unique perspective when approaching design and technological problems. &nbsp;I love to collaborate, let\'s make something together!<\\/p>\"}}', '2017-08-14 06:06:45', '2017-08-14 06:06:45', '9042e035-cbf2-4106-89ca-280374e692c2'),
 ('4', '2', '1', '1', 'en_us', '3', '', '{\"typeId\":null,\"authorId\":null,\"title\":\"Homepage\",\"slug\":\"homepage\",\"postDate\":1500020113,\"expiryDate\":null,\"enabled\":1,\"parentId\":null,\"fields\":{\"1\":\"<p>My driver\'s license says my name is Brittany, but most call me Jazzy. &nbsp;I\'m a digital creative type currently living in Portland, Oregon, but will be soon moving to the Central Valley (sept 2017). &nbsp;I have a passion for design and technology and enjoy making them work well together. &nbsp;I have a degree in architecture, this background has provided me with a unique perspective when approaching design and technological problems. &nbsp;I love to collaborate, let\'s make something together!<\\/p>\"}}', '2017-08-14 06:06:55', '2017-08-14 06:06:55', 'de9f429e-5246-4424-b996-3d73416c1805'),
 ('5', '2', '1', '1', 'en_us', '4', '', '{\"typeId\":null,\"authorId\":null,\"title\":\"Homepage\",\"slug\":\"homepage\",\"postDate\":1500020113,\"expiryDate\":null,\"enabled\":1,\"parentId\":null,\"fields\":{\"1\":\"<p>My driver\'s license says my name is Brittany, but most call me Jazzy. &nbsp;I\'m a digital creative type currently living in Portland, Oregon, but will be soon moving to the Central Valley (sept 2017). &nbsp;I have a passion for design and technology and enjoy making them work well together. &nbsp;I have a degree in architecture, this background has provided me with a unique perspective when approaching design and technological problems. &nbsp;I love to collaborate, let\'s make something together!<\\/p>\",\"4\":\"Compulsively Styling Sheets \"}}', '2017-08-14 06:10:45', '2017-08-14 06:10:45', '5a53bca5-6a26-45a2-8193-21257d210668'),
 ('6', '2', '1', '1', 'en_us', '5', '', '{\"typeId\":null,\"authorId\":null,\"title\":\"Homepage\",\"slug\":\"homepage\",\"postDate\":1500020113,\"expiryDate\":null,\"enabled\":1,\"parentId\":null,\"fields\":{\"1\":\"<p>My driver\'s license says my name is Brittany, but most call me Jazzy. &nbsp;I\'m a digital creative type currently living in Portland, Oregon, but will be soon moving to the Central Valley (sept 2017). &nbsp;I have a passion for design and technology and enjoy making them work well together. &nbsp;I have a degree in architecture, this background has provided me with a unique perspective when approaching design and technological problems. &nbsp;I love to collaborate, let\'s make something together!<\\/p>\",\"4\":\"Compulsively Styling Sheets \"}}', '2017-08-14 07:27:30', '2017-08-14 07:27:30', 'f25a441d-2b53-4a7d-a6ef-45393a304328'),
 ('7', '2', '1', '1', 'en_us', '6', '', '{\"typeId\":null,\"authorId\":null,\"title\":\"Homepage\",\"slug\":\"homepage\",\"postDate\":1500020113,\"expiryDate\":null,\"enabled\":1,\"parentId\":null,\"fields\":{\"1\":\"<p>My ------- driver\'s license says my name is Brittany, but most call me Jazzy. &nbsp;I\'m a digital creative type currently living in Portland, Oregon, but will be soon moving to the Central Valley (sept 2017). &nbsp;I have a passion for design and technology and enjoy making them work well together. &nbsp;I have a degree in architecture, this background has provided me with a unique perspective when approaching design and technological problems. &nbsp;I love to collaborate, let\'s make something together!<\\/p>\",\"4\":\"Compulsively Styling Sheets \"}}', '2017-08-14 08:22:46', '2017-08-14 08:22:46', 'ced64742-9c8f-4f9a-860e-a4cad7ea3e5b'),
 ('8', '2', '1', '1', 'en_us', '7', '', '{\"typeId\":null,\"authorId\":null,\"title\":\"Homepage\",\"slug\":\"homepage\",\"postDate\":1500020113,\"expiryDate\":null,\"enabled\":1,\"parentId\":null,\"fields\":{\"1\":\"<p>My ------- driver\'s license says my name is Brittany, but most call me Jazzy. &nbsp;I\'m a digital creative type currently living in Portland, Oregon, but will be soon moving to the Central Valley (sept 2017). &nbsp;I have a passion for design and technology and enjoy making them work well together. &nbsp;I have a degree in architecture, this background has provided me with a unique perspective when approaching design and technological problems. &nbsp;I love to collaborate, let\'s make something together!<\\/p>\",\"4\":\"\\\" Compulsively Styling Sheets \\\"\"}}', '2017-08-14 08:26:08', '2017-08-14 08:26:08', '4bd298b5-4f0c-4053-a2e6-9635fbd1eb37'),
 ('9', '2', '1', '1', 'en_us', '8', '', '{\"typeId\":null,\"authorId\":null,\"title\":\"Homepage\",\"slug\":\"homepage\",\"postDate\":1500020113,\"expiryDate\":null,\"enabled\":1,\"parentId\":null,\"fields\":{\"1\":\"<p>My ------- driver\'s license says my name is Brittany, but most call me Jazzy. &nbsp;I\'m a digital creative type currently living in Portland, Oregon, but will be soon moving to the Central Valley (sept 2017). &nbsp;I have a passion for design and technology and enjoy making them work well together. &nbsp;I have a degree in architecture, this background has provided me with a unique perspective when approaching design and technological problems. &nbsp;I love to collaborate, let\'s make something together!<\\/p>\",\"4\":\"Compulsively Styling Sheets\"}}', '2017-08-16 03:18:56', '2017-08-16 03:18:56', '55eceb90-bfe1-4a54-bd41-f8134b42f6bf'),
 ('10', '2', '1', '1', 'en_us', '9', '', '{\"typeId\":null,\"authorId\":null,\"title\":\"Homepage\",\"slug\":\"homepage\",\"postDate\":1500020113,\"expiryDate\":null,\"enabled\":1,\"parentId\":null,\"fields\":{\"1\":\"<p>My ------- driver\'s license says my name is Brittany, but most call me Jazzy. &nbsp;I\'m a digital creative type currently living in Portland, Oregon, but will be soon moving to the Central Valley (sept 2017). &nbsp;I have a passion for design and technology and enjoy making them work well together. &nbsp;I have a degree in architecture, this background has provided me with a unique perspective when approaching design and technological problems. &nbsp;I love to collaborate, let\'s make something together!<\\/p>\",\"4\":\"Compulsively &Styling Sheets\"}}', '2017-08-16 04:02:37', '2017-08-16 04:02:37', '88fd23e5-324b-4bc8-9031-1d4fe69bf3c7'),
 ('11', '2', '1', '1', 'en_us', '10', '', '{\"typeId\":null,\"authorId\":null,\"title\":\"Homepage\",\"slug\":\"homepage\",\"postDate\":1500020113,\"expiryDate\":null,\"enabled\":1,\"parentId\":null,\"fields\":{\"1\":\"<p>My ------- driver\'s license says my name is Brittany, but most call me Jazzy. &nbsp;I\'m a digital creative type currently living in Portland, Oregon, but will be soon moving to the Central Valley (sept 2017). &nbsp;I have a passion for design and technology and enjoy making them work well together. &nbsp;I have a degree in architecture, this background has provided me with a unique perspective when approaching design and technological problems. &nbsp;I love to collaborate, let\'s make something together!<\\/p>\",\"4\":\"Compulsively &Styling Sheets\"}}', '2017-08-16 04:02:39', '2017-08-16 04:02:39', '0ae6c0cd-ca2c-48df-85f7-716d7be7b903'),
 ('12', '2', '1', '1', 'en_us', '11', '', '{\"typeId\":null,\"authorId\":null,\"title\":\"Homepage\",\"slug\":\"homepage\",\"postDate\":1500020113,\"expiryDate\":null,\"enabled\":1,\"parentId\":null,\"fields\":{\"1\":\"<p>My ------- driver\'s license says my name is Brittany, but most call me Jazzy. &nbsp;I\'m a digital creative type currently living in Portland, Oregon, but will be soon moving to the Central Valley (sept 2017). &nbsp;I have a passion for design and technology and enjoy making them work well together. &nbsp;I have a degree in architecture, this background has provided me with a unique perspective when approaching design and technological problems. &nbsp;I love to collaborate, let\'s make something together!<\\/p>\",\"4\":\"Compulsively Styling Sheets\"}}', '2017-08-16 04:02:59', '2017-08-16 04:02:59', '33e0a69e-6166-45f4-bb3b-24853df26291'),
 ('13', '2', '1', '1', 'en_us', '12', '', '{\"typeId\":null,\"authorId\":null,\"title\":\"Homepage\",\"slug\":\"homepage\",\"postDate\":1500020113,\"expiryDate\":null,\"enabled\":1,\"parentId\":null,\"fields\":{\"1\":\"<p>My ------- driver\'s license says my name is Brittany, but most call me Jazzy. &nbsp;I\'m a digital creative type currently living in Portland, Oregon, but will be soon moving to the Central Valley (sept 2017). &nbsp;I have a passion for design and technology and enjoy making them work well together. &nbsp;I have a degree in architecture, this background has provided me with a unique perspective when approaching design and technological problems. &nbsp;I love to collaborate, let\'s make something together!<\\/p>\",\"4\":\"Compulsively &Styling Sheets\"}}', '2017-08-16 04:03:39', '2017-08-16 04:03:39', '1cf79179-f3c0-4d3e-9ff9-5e70f86f684d'),
 ('14', '2', '1', '1', 'en_us', '13', '', '{\"typeId\":null,\"authorId\":null,\"title\":\"Homepage\",\"slug\":\"homepage\",\"postDate\":1500020113,\"expiryDate\":null,\"enabled\":1,\"parentId\":null,\"fields\":{\"1\":\"<p>My ------- driver\'s license says my name is Brittany, but most call me Jazzy. &nbsp;I\'m a digital creative type currently living in Portland, Oregon, but will be soon moving to the Central Valley (sept 2017). &nbsp;I have a passion for design and technology and enjoy making them work well together. &nbsp;I have a degree in architecture, this background has provided me with a unique perspective when approaching design and technological problems. &nbsp;I love to collaborate, let\'s make something together!<\\/p>\",\"4\":\"Compulsively Styling Sheets\"}}', '2017-08-16 04:04:00', '2017-08-16 04:04:00', '3286b7b8-8224-4f3e-8e43-9aad3b5eedd1'),
 ('15', '2', '1', '1', 'en_us', '14', '', '{\"typeId\":null,\"authorId\":null,\"title\":\"Homepage\",\"slug\":\"homepage\",\"postDate\":1500020113,\"expiryDate\":null,\"enabled\":1,\"parentId\":null,\"fields\":{\"1\":\"<p>My ------- driver\'s license says my name is Brittany, but most call me Jazzy. &nbsp;I\'m a digital creative type currently living in Portland, Oregon, but will be soon moving to the Central Valley (sept 2017). &nbsp;I have a passion for design and technology and enjoy making them work well together. &nbsp;I have a degree in architecture, this background has provided me with a unique perspective when approaching design and technological problems. &nbsp;I love to collaborate, let\'s make something together!<\\/p>\",\"4\":\" & Compulsively Styling Sheets\"}}', '2017-08-16 04:04:43', '2017-08-16 04:04:43', 'fe534bb2-d1f5-4b63-b4a2-2e443f47ac3d'),
 ('16', '2', '1', '1', 'en_us', '15', '', '{\"typeId\":null,\"authorId\":null,\"title\":\"Homepage\",\"slug\":\"homepage\",\"postDate\":1500020113,\"expiryDate\":null,\"enabled\":1,\"parentId\":null,\"fields\":{\"1\":\"<p>My ------- driver\'s license says my name is Brittany, but most call me Jazzy. &nbsp;I\'m a digital creative type currently living in Portland, Oregon, but will be soon moving to the Central Valley (sept 2017). &nbsp;I have a passion for design and technology and enjoy making them work well together. &nbsp;I have a degree in architecture, this background has provided me with a unique perspective when approaching design and technological problems. &nbsp;I love to collaborate, let\'s make something together!<\\/p>\",\"4\":\"\\\" Compulsively Styling Sheets \\\"\"}}', '2017-08-16 04:05:09', '2017-08-16 04:05:09', '98d35ae6-e33a-4c31-bf24-e413641f8f93'),
 ('17', '2', '1', '1', 'en_us', '16', '', '{\"typeId\":null,\"authorId\":null,\"title\":\"Homepage\",\"slug\":\"homepage\",\"postDate\":1500020113,\"expiryDate\":null,\"enabled\":1,\"parentId\":null,\"fields\":{\"1\":\"<p>My ------- driver\'s license says my name is Brittany, but most call me Jazzy. &nbsp;I\'m a digital creative type currently living in Portland, Oregon, but will be soon moving to the Central Valley (sept 2017). &nbsp;I have a passion for design and technology and enjoy making them work well together. &nbsp;I have a degree in architecture, this background has provided me with a unique perspective when approaching design and technological problems. &nbsp;I love to collaborate, let\'s make something together!<\\/p>\",\"4\":\"Compulsively Styling Sheets\"}}', '2017-08-16 04:05:56', '2017-08-16 04:05:56', 'bfcfedc0-70c6-44d1-9e5b-6cd307cca951'),
 ('18', '2', '1', '1', 'en_us', '17', '', '{\"typeId\":null,\"authorId\":null,\"title\":\"Homepage\",\"slug\":\"homepage\",\"postDate\":1500020113,\"expiryDate\":null,\"enabled\":1,\"parentId\":null,\"fields\":{\"1\":\"<p>My ------- driver\'s license says my name is Brittany, but most call me Jazzy. &nbsp;I\'m a digital creative type currently living in Portland, Oregon, but will be soon moving to the Central Valley (sept 2017). &nbsp;I have a passion for design and technology and enjoy making them work well together. &nbsp;I have a degree in architecture, this background has provided me with a unique perspective when approaching design and technological problems. &nbsp;I love to collaborate, let\'s make something together!<\\/p>\",\"4\":\"\\\" Compulsively Styling Sheets \\\"\"}}', '2017-08-16 04:06:14', '2017-08-16 04:06:14', '0d8c1494-c36b-47a7-98cc-0819b7d0cefa'),
 ('19', '2', '1', '1', 'en_us', '18', '', '{\"typeId\":null,\"authorId\":null,\"title\":\"Homepage\",\"slug\":\"homepage\",\"postDate\":1500020113,\"expiryDate\":null,\"enabled\":1,\"parentId\":null,\"fields\":{\"1\":\"<p>My ------- driver\'s license says my name is Brittany, but most call me Jazzy. &nbsp;I\'m a digital creative type currently living in Portland, Oregon, but will be soon moving to the Central Valley (sept 2017). &nbsp;I have a passion for design and technology and enjoy making them work well together. &nbsp;I have a degree in architecture, this background has provided me with a unique perspective when approaching design and technological problems. &nbsp;I love to collaborate, let\'s make something together!<\\/p>\",\"4\":\"& Compulsively Styling Sheets \\\"\"}}', '2017-08-16 04:06:54', '2017-08-16 04:06:54', '98b3f309-c50c-4899-9fe3-fa03449a968f'),
 ('20', '2', '1', '1', 'en_us', '19', '', '{\"typeId\":null,\"authorId\":null,\"title\":\"Homepage\",\"slug\":\"homepage\",\"postDate\":1500020113,\"expiryDate\":null,\"enabled\":1,\"parentId\":null,\"fields\":{\"1\":\"<p>My ------- driver\'s license says my name is Brittany, but most call me Jazzy. &nbsp;I\'m a digital creative type currently living in Portland, Oregon, but will be soon moving to the Central Valley (sept 2017). &nbsp;I have a passion for design and technology and enjoy making them work well together. &nbsp;I have a degree in architecture, this background has provided me with a unique perspective when approaching design and technological problems. &nbsp;I love to collaborate, let\'s make something together!<\\/p>\",\"4\":\"\\\" Compulsively Styling Sheets \\\"\"}}', '2017-08-16 04:08:22', '2017-08-16 04:08:22', '3576aaf1-05bd-4202-8792-fedd88fe7790'),
 ('21', '5', '2', '1', 'en_us', '1', '', '{\"typeId\":null,\"authorId\":\"1\",\"title\":\"fgdgdfgdsfg\",\"slug\":\"fgdgdfgdsfg\",\"postDate\":1502857320,\"expiryDate\":null,\"enabled\":1,\"parentId\":\"\",\"fields\":{\"3\":[\"4\"],\"5\":{\"new1\":{\"type\":\"projectTitle\",\"enabled\":\"1\",\"fields\":{\"projectTitle\":\"project title\",\"clientName\":\"client name\"}},\"new2\":{\"type\":\"technology\",\"enabled\":\"1\",\"fields\":{\"projecttitle\":\"fgdfgdf\",\"clientname\":\"dfgdfg\",\"technologyused\":\"dgdfg\"}}}}}', '2017-08-16 04:22:34', '2017-08-16 04:22:34', '8ff6eaca-0019-451b-a799-11582b6f2859'),
 ('22', '5', '2', '1', 'en_us', '2', '', '{\"typeId\":\"2\",\"authorId\":\"1\",\"title\":\"fgdgdfgdsfg\",\"slug\":\"fgdgdfgdsfg\",\"postDate\":1502857320,\"expiryDate\":null,\"enabled\":1,\"parentId\":\"\",\"fields\":{\"3\":[\"4\"],\"5\":{\"6\":{\"type\":\"projectTitle\",\"enabled\":\"1\",\"fields\":{\"projectTitle\":\"project title\",\"clientName\":\"client name\"}},\"7\":{\"type\":\"technology\",\"enabled\":\"1\",\"fields\":{\"projecttitle\":\"fgdfgdf\",\"clientname\":\"dfgdfg\",\"technologyused\":\"dgdfg\"}}}}}', '2017-08-16 05:10:32', '2017-08-16 05:10:32', 'c93b9936-600f-47a1-bfc1-07a17274e773'),
 ('23', '5', '2', '1', 'en_us', '3', '', '{\"typeId\":\"2\",\"authorId\":\"1\",\"title\":\"first gallery project\",\"slug\":\"fgdgdfgdsfg\",\"postDate\":1502857320,\"expiryDate\":null,\"enabled\":1,\"parentId\":\"\",\"fields\":{\"3\":[\"4\"],\"5\":{\"6\":{\"type\":\"projectTitle\",\"enabled\":\"1\",\"fields\":{\"projectTitle\":\"project title\",\"clientName\":\"client name\"}},\"7\":{\"type\":\"technology\",\"enabled\":\"1\",\"fields\":{\"projecttitle\":\"fgdfgdf\",\"clientname\":\"dfgdfg\",\"technologyused\":\"dgdfg\"}}}}}', '2017-08-16 05:10:45', '2017-08-16 05:10:45', '6abf563e-ed2a-4d2d-8f96-b2786bf6e500'),
 ('24', '5', '2', '1', 'en_us', '4', '', '{\"typeId\":\"2\",\"authorId\":\"1\",\"title\":\"first gallery project\",\"slug\":\"fgdgdfgdsfg\",\"postDate\":1502857320,\"expiryDate\":null,\"enabled\":1,\"parentId\":\"\",\"fields\":{\"3\":[\"4\"],\"5\":{\"6\":{\"type\":\"projectInfo\",\"enabled\":\"1\",\"fields\":{\"projectTitle\":\"project title\",\"clientName\":\"client name\",\"technologyused\":\"technologyUsed\"}},\"new1\":{\"type\":\"projectInfo\",\"enabled\":\"1\",\"fields\":{\"projectTitle\":\"\",\"clientName\":\"\",\"technologyused\":\"\"}}}}}', '2017-08-16 05:13:45', '2017-08-16 05:13:45', '4a783120-107d-4777-9104-e61c18a4d731'),
 ('25', '5', '2', '1', 'en_us', '5', '', '{\"typeId\":\"2\",\"authorId\":\"1\",\"title\":\"first gallery project\",\"slug\":\"fgdgdfgdsfg\",\"postDate\":1502857320,\"expiryDate\":null,\"enabled\":1,\"parentId\":\"\",\"fields\":{\"3\":[\"4\"],\"5\":{\"6\":{\"type\":\"projectInfo\",\"enabled\":\"1\",\"fields\":{\"projectTitle\":\"project title\",\"clientName\":\"client name\",\"technologyused\":\"technologyUsed\"}}}}}', '2017-08-16 05:25:12', '2017-08-16 05:25:12', '97db0ef8-65c3-49dd-bd58-396c7d7f25df'),
 ('26', '10', '2', '1', 'en_us', '1', '', '{\"typeId\":null,\"authorId\":\"1\",\"title\":\"Global Citizen\",\"slug\":\"global-citizen\",\"postDate\":1503162320,\"expiryDate\":null,\"enabled\":1,\"parentId\":\"\",\"fields\":{\"3\":[\"9\"],\"5\":{\"new1\":{\"type\":\"projectInfo\",\"enabled\":\"1\",\"fields\":{\"projectTitle\":\"Global Citizen Meme generator\",\"clientName\":\"Global Citizen\",\"technologyused\":\"javascript \\/ canvas\"}}}}}', '2017-08-19 17:05:20', '2017-08-19 17:05:20', 'f6863759-ba37-49ed-a36a-5cb3f5e1890c'),
 ('27', '5', '2', '1', 'en_us', '6', '', '{\"typeId\":\"2\",\"authorId\":\"1\",\"title\":\"Pasted.io\",\"slug\":\"fgdgdfgdsfg\",\"postDate\":1502857320,\"expiryDate\":null,\"enabled\":1,\"parentId\":\"\",\"fields\":{\"3\":[\"4\"],\"5\":{\"6\":{\"type\":\"projectInfo\",\"enabled\":\"1\",\"fields\":{\"clientName\":\"Pasted App\",\"projectTitle\":\"Pasted.io\",\"DevStack\":\"javascript\",\"agencyname\":\"The Brigade\",\"myrole\":\"lead developer\",\"websitelink\":\"http:\\/\\/www.pasted.io\\/\",\"projectblurb\":\"this is a blur\"}}}}}', '2017-08-19 18:08:05', '2017-08-19 18:08:05', 'f0291226-f56f-4b4d-988f-43143694209a'),
 ('28', '10', '2', '1', 'en_us', '2', '', '{\"typeId\":\"2\",\"authorId\":\"1\",\"title\":\"Global Citizen\",\"slug\":\"global-citizen\",\"postDate\":1503162300,\"expiryDate\":null,\"enabled\":1,\"parentId\":\"\",\"fields\":{\"3\":[\"9\"],\"5\":{\"11\":{\"type\":\"projectInfo\",\"enabled\":\"1\",\"fields\":{\"clientName\":\"Global Citizen\",\"projectTitle\":\"Global Citizen Meme generator\",\"DevStack\":\"javascript \\/ canvas\",\"agencyname\":\"\",\"myrole\":\"\",\"websitelink\":\"\",\"projectblurb\":\"\"}}}}}', '2017-08-19 18:12:36', '2017-08-19 18:12:36', '9da3d8be-828f-4b6d-891c-7337d4609096'),
 ('29', '12', '2', '1', 'en_us', '1', '', '{\"typeId\":null,\"authorId\":\"1\",\"title\":\"RedBull \",\"slug\":\"redbull\",\"postDate\":1503166733,\"expiryDate\":null,\"enabled\":1,\"parentId\":\"\",\"fields\":{\"3\":\"\",\"5\":\"\"}}', '2017-08-19 18:18:53', '2017-08-19 18:18:53', '8f0663bb-5a9e-4df3-9abc-4a42d5def54a'),
 ('30', '12', '2', '1', 'en_us', '2', '', '{\"typeId\":\"2\",\"authorId\":\"1\",\"title\":\"RedBull \",\"slug\":\"redbull\",\"postDate\":1503166680,\"expiryDate\":null,\"enabled\":1,\"parentId\":\"\",\"fields\":{\"3\":\"\",\"5\":{\"new1\":{\"type\":\"projectInfo\",\"enabled\":\"1\",\"fields\":{\"clientName\":\"Redbull\",\"projectTitle\":\"Listen Up!\",\"devStack\":\"javascript \\/ soundcloud API \\/ middleman\",\"agencyname\":\"\",\"myrole\":\"\",\"websitelink\":\"\",\"projectblurb\":\"\"}}}}}', '2017-08-19 18:19:53', '2017-08-19 18:19:53', '1ea07322-4a4e-4792-993a-17930e73d74c'),
 ('31', '12', '2', '1', 'en_us', '3', '', '{\"typeId\":\"2\",\"authorId\":\"1\",\"title\":\"RedBull \",\"slug\":\"redbull\",\"postDate\":1503166680,\"expiryDate\":null,\"enabled\":1,\"parentId\":\"\",\"fields\":{\"3\":\"\",\"5\":{\"13\":{\"type\":\"projectInfo\",\"enabled\":\"1\",\"fields\":{\"clientName\":\"Redbull\",\"projectTitle\":\"Listen Up!\",\"devStack\":\"javascript \\/ soundcloud API \\/ middleman\",\"agencyname\":\"\",\"myrole\":\"\",\"websitelink\":\"\",\"projectblurb\":\"\"}}}}}', '2017-08-19 18:20:37', '2017-08-19 18:20:37', 'f3fbae67-209c-4cda-9003-88387b58ac81'),
 ('32', '14', '2', '1', 'en_us', '1', '', '{\"typeId\":null,\"authorId\":\"1\",\"title\":\"Nike\",\"slug\":\"nike\",\"postDate\":1503166905,\"expiryDate\":null,\"enabled\":1,\"parentId\":\"\",\"fields\":{\"3\":\"\",\"5\":{\"new1\":{\"type\":\"projectInfo\",\"enabled\":\"1\",\"fields\":{\"clientName\":\"Nike\",\"projectTitle\":\"\",\"devStack\":\"\",\"agencyname\":\"\",\"myrole\":\"\",\"websitelink\":\"\",\"projectblurb\":\"\"}}}}}', '2017-08-19 18:21:46', '2017-08-19 18:21:46', 'ec7acff0-38c2-4dff-b741-0c7d87ce9b18'),
 ('33', '12', '2', '1', 'en_us', '4', '', '{\"typeId\":\"2\",\"authorId\":\"1\",\"title\":\"RedBull \",\"slug\":\"redbull\",\"postDate\":1503166680,\"expiryDate\":null,\"enabled\":1,\"parentId\":\"\",\"fields\":{\"3\":\"\",\"5\":{\"13\":{\"type\":\"projectInfo\",\"enabled\":\"1\",\"fields\":{\"clientName\":\"Redbull\",\"projectTitle\":\"Listen Up!\",\"devStack\":\"javascript \\/ soundcloud API \\/ middleman\",\"agencyname\":\"\",\"myrole\":\"\",\"websitelink\":\"\",\"projectblurb\":\"\"}}}}}', '2017-08-19 18:22:02', '2017-08-19 18:22:02', '03f264c5-b3b1-4894-a80d-af58872af9bf'),
 ('34', '5', '2', '1', 'en_us', '7', '', '{\"typeId\":\"2\",\"authorId\":\"1\",\"title\":\"Pasted.io \",\"slug\":\"fgdgdfgdsfg\",\"postDate\":1502857320,\"expiryDate\":null,\"enabled\":1,\"parentId\":\"\",\"fields\":{\"3\":[\"4\"],\"5\":{\"6\":{\"type\":\"projectInfo\",\"enabled\":\"1\",\"fields\":{\"clientName\":\"Pasted App gg\",\"projectTitle\":\"Pasted.io\",\"devStack\":\"javascript\",\"agencyname\":\"The Brigade\",\"myrole\":\"lead developer\",\"websitelink\":\"http:\\/\\/www.pasted.io\\/\",\"projectblurb\":\"this is a blur\"}}}}}', '2017-08-19 18:46:08', '2017-08-19 18:46:08', '4437cdf8-d183-4353-b681-ff8ef9165c5e'),
 ('35', '5', '2', '1', 'en_us', '8', '', '{\"typeId\":\"2\",\"authorId\":\"1\",\"title\":\"Pasted.io \",\"slug\":\"fgdgdfgdsfg\",\"postDate\":1502857320,\"expiryDate\":null,\"enabled\":1,\"parentId\":\"\",\"fields\":{\"3\":[\"4\"],\"5\":{\"6\":{\"type\":\"projectInfo\",\"enabled\":\"1\",\"fields\":{\"clientName\":\"Pasted App \",\"projectTitle\":\"Pasted.io\",\"devStack\":\"javascript\",\"agencyname\":\"The Brigade\",\"myrole\":\"lead developer\",\"websitelink\":\"http:\\/\\/www.pasted.io\\/\",\"projectblurb\":\"this is a blur\"}}}}}', '2017-08-19 18:53:26', '2017-08-19 18:53:26', 'a3c3d898-9bc2-4a93-8e01-3471f1d3c4e0'),
 ('36', '12', '2', '1', 'en_us', '5', '', '{\"typeId\":\"2\",\"authorId\":\"1\",\"title\":\"RedBull \",\"slug\":\"redbull\",\"postDate\":1503166680,\"expiryDate\":null,\"enabled\":1,\"parentId\":\"\",\"fields\":{\"3\":[\"16\"],\"5\":{\"13\":{\"type\":\"projectInfo\",\"enabled\":\"1\",\"fields\":{\"clientName\":\"Redbull\",\"projectTitle\":\"Listen Up!\",\"devStack\":\"javascript \\/ soundcloud API \\/ middleman\",\"agencyname\":\"\",\"myrole\":\"\",\"websitelink\":\"\",\"projectblurb\":\"\"}}}}}', '2017-08-21 06:08:53', '2017-08-21 06:08:53', '4f6c0008-560f-4acd-85d3-b7c2ea1ddae7'),
 ('37', '17', '2', '1', 'en_us', '1', '', '{\"typeId\":null,\"authorId\":\"1\",\"title\":\"Mozilla\",\"slug\":\"mozilla\",\"postDate\":1503299887,\"expiryDate\":null,\"enabled\":1,\"parentId\":\"\",\"fields\":{\"3\":\"\",\"5\":\"\"}}', '2017-08-21 07:18:08', '2017-08-21 07:18:08', '09b638c8-a030-4c9f-924e-91d2c6640c60'),
 ('38', '18', '2', '1', 'en_us', '1', '', '{\"typeId\":null,\"authorId\":\"1\",\"title\":\"Aly + Jay\",\"slug\":\"aly-jay\",\"postDate\":1503299901,\"expiryDate\":null,\"enabled\":1,\"parentId\":\"\",\"fields\":{\"3\":\"\",\"5\":\"\"}}', '2017-08-21 07:18:21', '2017-08-21 07:18:21', 'b40aaa39-ced0-4dee-8080-dcdd89435acc'),
 ('39', '19', '2', '1', 'en_us', '1', '', '{\"typeId\":null,\"authorId\":\"1\",\"title\":\"Nike\",\"slug\":\"nike-1\",\"postDate\":1503299978,\"expiryDate\":null,\"enabled\":1,\"parentId\":\"\",\"fields\":{\"3\":\"\",\"5\":\"\"}}', '2017-08-21 07:19:38', '2017-08-21 07:19:38', 'f3b0407f-6bc9-4a84-8ab5-1e9451b6c36d'),
 ('40', '20', '2', '1', 'en_us', '1', '', '{\"typeId\":null,\"authorId\":\"1\",\"title\":\"Redbull\",\"slug\":\"redbull-1\",\"postDate\":1503299987,\"expiryDate\":null,\"enabled\":1,\"parentId\":\"\",\"fields\":{\"3\":\"\",\"5\":\"\"}}', '2017-08-21 07:19:47', '2017-08-21 07:19:47', '1feb37f5-9ce0-4194-b7f3-6d2f21951bcb'),
 ('41', '18', '2', '1', 'en_us', '2', '', '{\"typeId\":\"2\",\"authorId\":\"1\",\"title\":\"Aly + Jay\",\"slug\":\"aly-jay\",\"postDate\":1503299880,\"expiryDate\":null,\"enabled\":1,\"parentId\":\"\",\"fields\":{\"3\":\"\",\"5\":{\"new1\":{\"type\":\"projectInfo\",\"enabled\":\"1\",\"fields\":{\"clientName\":\"Aly + Jay\",\"projectTitle\":\"\",\"devStack\":\"\",\"agencyname\":\"\",\"myrole\":\"\",\"websitelink\":\"\",\"projectblurb\":\"\"}}}}}', '2017-08-21 07:20:38', '2017-08-21 07:20:38', '7d5a0a17-2b6a-43d4-b343-ae58c4127c74'),
 ('42', '19', '2', '1', 'en_us', '2', '', '{\"typeId\":\"2\",\"authorId\":\"1\",\"title\":\"Nike\",\"slug\":\"nike-1\",\"postDate\":1503299940,\"expiryDate\":null,\"enabled\":1,\"parentId\":\"\",\"fields\":{\"3\":\"\",\"5\":{\"new1\":{\"type\":\"projectInfo\",\"enabled\":\"1\",\"fields\":{\"clientName\":\"Nike\",\"projectTitle\":\"\",\"devStack\":\"\",\"agencyname\":\"\",\"myrole\":\"\",\"websitelink\":\"\",\"projectblurb\":\"\"}}}}}', '2017-08-21 07:20:47', '2017-08-21 07:20:47', '864dba9a-15fd-47a2-ad12-d0c83ea84cf6'),
 ('43', '20', '2', '1', 'en_us', '2', '', '{\"typeId\":\"2\",\"authorId\":\"1\",\"title\":\"Redbull\",\"slug\":\"redbull-1\",\"postDate\":1503299940,\"expiryDate\":null,\"enabled\":1,\"parentId\":\"\",\"fields\":{\"3\":\"\",\"5\":{\"new1\":{\"type\":\"projectInfo\",\"enabled\":\"1\",\"fields\":{\"clientName\":\"Redbull\",\"projectTitle\":\"\",\"devStack\":\"\",\"agencyname\":\"\",\"myrole\":\"\",\"websitelink\":\"\",\"projectblurb\":\"\"}}}}}', '2017-08-21 07:20:56', '2017-08-21 07:20:56', 'cd4bb977-1bde-46b5-9c31-a7ae019ce46c'),
 ('44', '17', '2', '1', 'en_us', '2', '', '{\"typeId\":\"2\",\"authorId\":\"1\",\"title\":\"Mozilla\",\"slug\":\"mozilla\",\"postDate\":1503299880,\"expiryDate\":null,\"enabled\":1,\"parentId\":\"\",\"fields\":{\"3\":\"\",\"5\":{\"new1\":{\"type\":\"projectInfo\",\"enabled\":\"1\",\"fields\":{\"clientName\":\"Mozilla\",\"projectTitle\":\"\",\"devStack\":\"\",\"agencyname\":\"\",\"myrole\":\"\",\"websitelink\":\"\",\"projectblurb\":\"\"}}}}}', '2017-08-21 07:21:06', '2017-08-21 07:21:06', '60ea8ea5-069f-49f6-bdf6-e347e33f1705'),
 ('45', '5', '2', '1', 'en_us', '9', '', '{\"typeId\":\"2\",\"authorId\":\"1\",\"title\":\"Pasted.io \",\"slug\":\"fgdgdfgdsfg\",\"postDate\":1502857320,\"expiryDate\":null,\"enabled\":1,\"parentId\":\"\",\"fields\":{\"3\":[\"4\"],\"5\":{\"6\":{\"type\":\"projectInfo\",\"enabled\":\"1\",\"fields\":{\"clientName\":\"Pasted App \",\"projectTitle\":\"Pasted.io\",\"devStack\":\"javascript\",\"agencyname\":\"The Brigade\",\"myrole\":\"lead developer\",\"websitelink\":\"http:\\/\\/www.pasted.io\\/\",\"projectblurb\":\"this is a blur\"}}}}}', '2017-08-22 07:58:09', '2017-08-22 07:58:09', '3e7e407e-cafc-4dd4-8912-2d5f0db23624'),
 ('46', '10', '2', '1', 'en_us', '3', '', '{\"typeId\":\"2\",\"authorId\":\"1\",\"title\":\"Global Citizen\",\"slug\":\"global-citizen\",\"postDate\":1503162300,\"expiryDate\":null,\"enabled\":1,\"parentId\":\"\",\"fields\":{\"3\":[\"4\"],\"5\":{\"11\":{\"type\":\"projectInfo\",\"enabled\":\"1\",\"fields\":{\"clientName\":\"Global Citizen\",\"projectTitle\":\"Global Citizen Meme generator\",\"devStack\":\"javascript \\/ canvas\",\"agencyName\":\"\",\"myRole\":\"\",\"websiteLink\":\"\",\"projectBlurb\":\"\"}}}}}', '2017-08-24 13:21:12', '2017-08-24 13:21:12', 'd9126943-a5fd-4740-8dbb-76e3f6b74617'),
 ('47', '12', '2', '1', 'en_us', '6', '', '{\"typeId\":\"2\",\"authorId\":\"1\",\"title\":\"RedBull \",\"slug\":\"redbull\",\"postDate\":1503166680,\"expiryDate\":null,\"enabled\":1,\"parentId\":\"\",\"fields\":{\"3\":[\"4\"],\"5\":{\"13\":{\"type\":\"projectInfo\",\"enabled\":\"1\",\"fields\":{\"clientName\":\"Redbull\",\"projectTitle\":\"Listen Up!\",\"devStack\":\"javascript \\/ soundcloud API \\/ middleman\",\"agencyName\":\"\",\"myRole\":\"\",\"websiteLink\":\"\",\"projectBlurb\":\"\"}}}}}', '2017-08-24 13:21:27', '2017-08-24 13:21:27', '08364777-3238-4d53-bf06-76bbde8a1019'),
 ('48', '14', '2', '1', 'en_us', '2', '', '{\"typeId\":\"2\",\"authorId\":\"1\",\"title\":\"Nike\",\"slug\":\"nike\",\"postDate\":1503166860,\"expiryDate\":null,\"enabled\":1,\"parentId\":\"\",\"fields\":{\"3\":[\"4\"],\"5\":{\"15\":{\"type\":\"projectInfo\",\"enabled\":\"1\",\"fields\":{\"clientName\":\"Nike\",\"projectTitle\":\"\",\"devStack\":\"\",\"agencyName\":\"\",\"myRole\":\"\",\"websiteLink\":\"\",\"projectBlurb\":\"\"}}}}}', '2017-08-24 13:52:51', '2017-08-24 13:52:51', '06e40a90-236f-4a20-9a0e-e0586b983795'),
 ('49', '17', '2', '1', 'en_us', '3', '', '{\"typeId\":\"2\",\"authorId\":\"1\",\"title\":\"Mozilla\",\"slug\":\"mozilla\",\"postDate\":1503299880,\"expiryDate\":null,\"enabled\":1,\"parentId\":\"\",\"fields\":{\"3\":[\"4\"],\"5\":{\"24\":{\"type\":\"projectInfo\",\"enabled\":\"1\",\"fields\":{\"clientName\":\"Mozilla\",\"projectTitle\":\"\",\"devStack\":\"\",\"agencyName\":\"\",\"myRole\":\"\",\"websiteLink\":\"\",\"projectBlurb\":\"\"}}}}}', '2017-08-24 13:53:01', '2017-08-24 13:53:01', '94d9a52b-e672-4d07-9140-b9184cc53f04'),
 ('50', '18', '2', '1', 'en_us', '3', '', '{\"typeId\":\"2\",\"authorId\":\"1\",\"title\":\"Aly + Jay\",\"slug\":\"aly-jay\",\"postDate\":1503299880,\"expiryDate\":null,\"enabled\":1,\"parentId\":\"\",\"fields\":{\"3\":[\"4\"],\"5\":{\"21\":{\"type\":\"projectInfo\",\"enabled\":\"1\",\"fields\":{\"clientName\":\"Aly + Jay\",\"projectTitle\":\"\",\"devStack\":\"\",\"agencyName\":\"\",\"myRole\":\"\",\"websiteLink\":\"\",\"projectBlurb\":\"\"}}}}}', '2017-08-24 13:53:11', '2017-08-24 13:53:11', 'e817a945-b0cb-4552-970d-67d999c9c5ce'),
 ('51', '19', '2', '1', 'en_us', '3', '', '{\"typeId\":\"2\",\"authorId\":\"1\",\"title\":\"Nike\",\"slug\":\"nike-1\",\"postDate\":1503299940,\"expiryDate\":null,\"enabled\":1,\"parentId\":\"\",\"fields\":{\"3\":[\"4\"],\"5\":{\"22\":{\"type\":\"projectInfo\",\"enabled\":\"1\",\"fields\":{\"clientName\":\"Nike\",\"projectTitle\":\"\",\"devStack\":\"\",\"agencyName\":\"\",\"myRole\":\"\",\"websiteLink\":\"\",\"projectBlurb\":\"\"}}}}}', '2017-08-24 13:53:19', '2017-08-24 13:53:19', 'f93247d0-ac5b-41ae-b28e-4974410dbd40'),
 ('52', '20', '2', '1', 'en_us', '3', '', '{\"typeId\":\"2\",\"authorId\":\"1\",\"title\":\"Redbull\",\"slug\":\"redbull-1\",\"postDate\":1503299940,\"expiryDate\":null,\"enabled\":1,\"parentId\":\"\",\"fields\":{\"3\":[\"4\"],\"5\":{\"23\":{\"type\":\"projectInfo\",\"enabled\":\"1\",\"fields\":{\"clientName\":\"Redbull\",\"projectTitle\":\"\",\"devStack\":\"\",\"agencyName\":\"\",\"myRole\":\"\",\"websiteLink\":\"\",\"projectBlurb\":\"\"}}}}}', '2017-08-24 13:53:30', '2017-08-24 13:53:30', 'a631a26d-e41b-4e9f-a94c-83eb033ccf74'),
 ('53', '2', '1', '1', 'en_us', '20', '', '{\"typeId\":null,\"authorId\":null,\"title\":\"Homepage\",\"slug\":\"homepage\",\"postDate\":1500020113,\"expiryDate\":null,\"enabled\":1,\"parentId\":null,\"fields\":{\"1\":\"<p>Always looking for what makes something special.<\\/p><p>Analyzing &nbsp;all angles.<\\/p><p>Powered by LaCroix , salmon fillets, & fruit snacks&nbsp;<\\/p><p><br><\\/p>\",\"4\":\"\\\" Compulsively Styling Sheets \\\"\"}}', '2017-08-26 17:49:33', '2017-08-26 17:49:33', 'f3f14848-605a-4bfd-a5d7-bce8d66c7116'),
 ('54', '2', '1', '1', 'en_us', '21', '', '{\"typeId\":null,\"authorId\":null,\"title\":\"Homepage\",\"slug\":\"homepage\",\"postDate\":1500020113,\"expiryDate\":null,\"enabled\":1,\"parentId\":null,\"fields\":{\"1\":\"<p>Always looking for what makes something special.&nbsp;Analyzing &nbsp;all angles.&nbsp;Powered by LaCroix , salmon fillets, & fruit snacks&nbsp;<\\/p>\\r\\n<p><br><\\/p>\",\"4\":\"\\\" Compulsively Styling Sheets \\\"\"}}', '2017-08-26 17:50:09', '2017-08-26 17:50:09', '7130e83a-e144-4ce9-ad5a-585831f50531'),
 ('55', '2', '1', '1', 'en_us', '22', '', '{\"typeId\":null,\"authorId\":null,\"title\":\"Homepage\",\"slug\":\"homepage\",\"postDate\":1500020113,\"expiryDate\":null,\"enabled\":1,\"parentId\":null,\"fields\":{\"1\":\"<li>Always looking for what makes something special.&nbsp;<\\/li><li>Analyzing &nbsp;all angles.&nbsp;<\\/li><li>Powered by LaCroix , salmon fillets, & fruit snacks.<\\/li><li>Working through 4582 ambitions one at a time.<\\/li>\\r\\n\",\"4\":\"\\\" Compulsively Styling Sheets \\\"\"}}', '2017-08-26 17:52:16', '2017-08-26 17:52:16', '14053e5b-d8a1-45fa-9ab3-b7f8eebbc837'),
 ('56', '2', '1', '1', 'en_us', '23', '', '{\"typeId\":null,\"authorId\":null,\"title\":\"Homepage\",\"slug\":\"homepage\",\"postDate\":1500020113,\"expiryDate\":null,\"enabled\":1,\"parentId\":null,\"fields\":{\"1\":\"<hr><p>Always looking for what makes something special.&nbsp;<\\/p><hr><p>Analyzing &nbsp;all angles.&nbsp;<\\/p><hr><p>Powered by LaCroix , salmon fillets, & fruit snacks.<\\/p><hr><p>Working through 4582 ambitions one at a time.<\\/p>\",\"4\":\"\\\" Compulsively Styling Sheets \\\"\"}}', '2017-08-26 17:53:14', '2017-08-26 17:53:14', '5d57df2e-ca83-4129-b194-fa166f87487a'),
 ('57', '2', '1', '1', 'en_us', '24', '', '{\"typeId\":null,\"authorId\":null,\"title\":\"Homepage\",\"slug\":\"homepage\",\"postDate\":1500020113,\"expiryDate\":null,\"enabled\":1,\"parentId\":null,\"fields\":{\"1\":\"\\r\\n<li>Always looking for what makes something special.&nbsp;<\\/li>\\r\\n\\r\\n<p>Analyzing &nbsp;all angles.&nbsp;<\\/p>\\r\\n\\r\\n<p>Powered by LaCroix , salmon fillets, & fruit snacks.<\\/p>\\r\\n\\r\\n<p>Working through 4582 ambitions one at a time.<\\/p>\",\"4\":\"\\\" Compulsively Styling Sheets \\\"\"}}', '2017-08-26 17:53:51', '2017-08-26 17:53:51', '4d6336a9-7d6f-41e2-bc03-835f5e50c2b7'),
 ('58', '2', '1', '1', 'en_us', '25', '', '{\"typeId\":null,\"authorId\":null,\"title\":\"Homepage\",\"slug\":\"homepage\",\"postDate\":1500020113,\"expiryDate\":null,\"enabled\":1,\"parentId\":null,\"fields\":{\"1\":\"<ul><li>Always looking for what makes something special.&nbsp;<\\/li><li>Analyzing &nbsp;all angles.&nbsp;<\\/li><li>Powered by LaCroix, salmon fillets, & fruit snacks.<\\/li><li>Working through 4582 ambitions one at a time.<\\/li><\\/ul>\\r\\n\",\"4\":\"\\\" Compulsively Styling Sheets \\\"\"}}', '2017-08-26 17:57:34', '2017-08-26 17:57:34', 'c59da28a-6aed-4788-bb71-cbc377f73bd3'),
 ('59', '2', '1', '1', 'en_us', '26', '', '{\"typeId\":null,\"authorId\":null,\"title\":\"Homepage\",\"slug\":\"homepage\",\"postDate\":1500020113,\"expiryDate\":null,\"enabled\":1,\"parentId\":null,\"fields\":{\"1\":\"<ul><li>\\u00b1 Always looking for what makes something special.&nbsp;<\\/li><li>\\u00b1 Analyzing &nbsp;all angles.&nbsp;<\\/li><li>\\u00b1 Powered by LaCroix, salmon fillets, & fruit snacks.<\\/li><li>\\u00b1 Working through 4582 ambitions one at a time.<\\/li><\\/ul>\",\"4\":\"\\\" Compulsively Styling Sheets \\\"\"}}', '2017-08-26 18:11:43', '2017-08-26 18:11:43', 'fcde2b22-d447-46a4-9330-d8cb67c8f8c1'),
 ('60', '2', '1', '1', 'en_us', '27', '', '{\"typeId\":null,\"authorId\":null,\"title\":\"Homepage\",\"slug\":\"homepage\",\"postDate\":1500020113,\"expiryDate\":null,\"enabled\":1,\"parentId\":null,\"fields\":{\"1\":\"<ul><li>\\u00b1 Always looking for what makes something special.&nbsp;<\\/li><li>\\u00b1 Analyzing &nbsp;all angles.&nbsp;<\\/li><li>\\u00b1 Powered by LaCroix, salmon fillets, & fruit snacks.<\\/li><li>\\u00b1 Working through 4582 ambitions one at a time.<\\/li><\\/ul>\",\"17\":{\"new1\":{\"type\":\"footerInfo\",\"enabled\":\"1\",\"fields\":{\"email\":\"b.jazzy.w@gmail.com\",\"footerBio\":\"My ------- driver\'s license says my name is Brittany, but most call me Jazzy.  I\'m a digital creative type currently living in Portland, Oregon, but will be soon moving to the Central Valley (sept 2017).  I have a passion for design and technology and enjoy making them work well together.  I have a degree in architecture, this background has provided me with a unique perspective when approaching design and technological problems.  I love to collaborate, let\'s make something together!\",\"company\":\"\",\"companyLink\":\"\",\"openForFreelance\":\"Sure! Gotta Project? Let\'s talk.\",\"resumeLink\":\"\"}}},\"4\":\"\\\" Compulsively Styling Sheets \\\"\"}}', '2017-08-26 19:16:08', '2017-08-26 19:16:08', '12ab29f2-b698-4a12-a10b-d3cd83390690'),
 ('61', '2', '1', '1', 'en_us', '28', '', '{\"typeId\":null,\"authorId\":null,\"title\":\"Homepage\",\"slug\":\"homepage\",\"postDate\":1500020113,\"expiryDate\":null,\"enabled\":1,\"parentId\":null,\"fields\":{\"1\":\"<ul><li>\\u00b1 Always looking for what makes something special.&nbsp;<\\/li><li>\\u00b1 Analyzing &nbsp;all angles.&nbsp;<\\/li><li>\\u00b1 Powered by LaCroix, salmon fillets, & fruit snacks.<\\/li><li>\\u00b1 Working through 4582 ambitions one at a time.<\\/li><\\/ul>\",\"17\":{\"25\":{\"type\":\"footerInfo\",\"enabled\":\"1\",\"fields\":{\"email\":\"b.jazzy.w@gmail.com\",\"footerBio\":\"My ------- driver\'s license says my name is Brittany, but most call me Jazzy.  I\'m a digital creative type currently living in Portland, Oregon, but will be soon moving to the Central Valley (sept 2017).  I have a passion for design and technology and enjoy making them work well together.  I have a degree in architecture, this background has provided me with a unique perspective when approaching design and technological problems.  I love to collaborate, let\'s make something together!\",\"company\":\"\",\"companyLink\":\"\",\"openForFreelance\":\"Sure! Gotta Project? Let\'s talk.\",\"resumeLink\":\"\"}}},\"4\":\"\\\" Compulsively Styling Sheets \\\"\"}}', '2017-08-26 19:26:22', '2017-08-26 19:26:22', '92365759-e5e1-43e8-a794-62d2c9e4e374'),
 ('62', '2', '1', '1', 'en_us', '29', '', '{\"typeId\":null,\"authorId\":null,\"title\":\"Homepage\",\"slug\":\"homepage\",\"postDate\":1500020113,\"expiryDate\":null,\"enabled\":1,\"parentId\":null,\"fields\":{\"1\":\"<ul><li>\\u00b1 Always looking for what makes something special.&nbsp;<\\/li><li>\\u00b1 Analyzing &nbsp;all angles.&nbsp;<\\/li><li>\\u00b1 Powered by LaCroix, salmon fillets, & fruit snacks.<\\/li><li>\\u00b1 Working through 4582 ambitions one at a time.<\\/li><\\/ul>\",\"17\":{\"25\":{\"type\":\"footerInfo\",\"enabled\":\"1\",\"fields\":{\"email\":\"b.jazzy.w@gmail.com\",\"footerBio\":\"My ------- driver\'s license says my name is Brittany, but most call me Jazzy.  I\'m a digital creative type currently living in Portland, Oregon, but will be soon moving to the Central Valley (sept 2017).  I have a passion for design and technology and enjoy making them work well together.  I have a degree in architecture, this background has provided me with a unique perspective when approaching design and technological problems.  I love to collaborate, let\'s make something together!\",\"company\":\"\",\"companyLink\":\"\",\"openForFreelance\":\"open for freelance\",\"resumeLink\":\"\"}}},\"4\":\"\\\" Compulsively Styling Sheets \\\"\"}}', '2017-08-27 03:50:31', '2017-08-27 03:50:31', 'fbd256c6-745c-4127-bce4-16ff6963c22d'),
 ('63', '12', '2', '1', 'en_us', '7', '', '{\"typeId\":\"2\",\"authorId\":\"1\",\"title\":\"RedBull \",\"slug\":\"redbull\",\"postDate\":1503166680,\"expiryDate\":null,\"enabled\":1,\"parentId\":\"\",\"fields\":{\"3\":[\"4\"],\"5\":{\"13\":{\"type\":\"projectInfo\",\"enabled\":\"1\",\"fields\":{\"clientName\":\"Redbull\",\"projectTitle\":\"Listen Up!\",\"devStack\":\"javascript \\/ soundcloud API \\/ middleman\",\"agencyName\":\"\",\"myRole\":\"lead developer\",\"websiteLink\":\"\",\"projectBlurb\":\"\"}}}}}', '2017-08-27 03:58:26', '2017-08-27 03:58:26', '49047f4b-bbba-49fa-a1cb-4903563f833d'),
 ('64', '14', '2', '1', 'en_us', '3', '', '{\"typeId\":\"2\",\"authorId\":\"1\",\"title\":\"Nike\",\"slug\":\"nike\",\"postDate\":1503166860,\"expiryDate\":null,\"enabled\":1,\"parentId\":\"\",\"fields\":{\"3\":[\"4\"],\"5\":{\"15\":{\"type\":\"projectInfo\",\"enabled\":\"1\",\"fields\":{\"clientName\":\"Nike\",\"projectTitle\":\"ecommerce advanced search\",\"devStack\":\"javascript\",\"agencyName\":\"The Program\",\"myRole\":\"Lead Developer\",\"websiteLink\":\"\",\"projectBlurb\":\"\"}}}}}', '2017-08-27 03:59:41', '2017-08-27 03:59:41', 'dac3e5bd-d6b1-4a56-ae3e-1bba4ce5c820'),
 ('65', '17', '2', '1', 'en_us', '4', '', '{\"typeId\":\"2\",\"authorId\":\"1\",\"title\":\"Mozilla\",\"slug\":\"mozilla\",\"postDate\":1503299880,\"expiryDate\":null,\"enabled\":1,\"parentId\":\"\",\"fields\":{\"3\":[\"4\"],\"5\":{\"24\":{\"type\":\"projectInfo\",\"enabled\":\"1\",\"fields\":{\"clientName\":\"Mozilla\",\"projectTitle\":\"Mozilla Business Affairs\",\"devStack\":\"wordpress, javascript\",\"agencyName\":\"The Brigade\",\"myRole\":\"lead developer\",\"websiteLink\":\"https:\\/\\/blog.mozilla.org\\/businessaffairs\\/\",\"projectBlurb\":\"\"}}}}}', '2017-08-27 04:02:45', '2017-08-27 04:02:45', 'c48e8606-6ef2-4f21-bf44-1a3d2458daf4'),
 ('66', '18', '2', '1', 'en_us', '4', '', '{\"typeId\":\"2\",\"authorId\":\"1\",\"title\":\"Aly + Jay\",\"slug\":\"aly-jay\",\"postDate\":1503299880,\"expiryDate\":null,\"enabled\":1,\"parentId\":\"\",\"fields\":{\"3\":[\"4\"],\"5\":{\"21\":{\"type\":\"projectInfo\",\"enabled\":\"1\",\"fields\":{\"clientName\":\"Aly + Jay\",\"projectTitle\":\"Aly + Jay online store\",\"devStack\":\"custom shopify \",\"agencyName\":\"The Program\",\"myRole\":\"lead developer\",\"websiteLink\":\"https:\\/\\/ali-jay.com\\/\",\"projectBlurb\":\"\"}}}}}', '2017-08-27 04:03:50', '2017-08-27 04:03:50', '1e1a55e1-c212-4389-801d-1005f708c58d'),
 ('67', '19', '2', '1', 'en_us', '4', '', '{\"typeId\":\"2\",\"authorId\":\"1\",\"title\":\"Nike\",\"slug\":\"nike-1\",\"postDate\":1503299940,\"expiryDate\":null,\"enabled\":1,\"parentId\":\"\",\"fields\":{\"3\":[\"4\"],\"5\":{\"22\":{\"type\":\"projectInfo\",\"enabled\":\"1\",\"fields\":{\"clientName\":\"Nike\",\"projectTitle\":\"New Product  Banners\",\"devStack\":\"javascript\",\"agencyName\":\"The Program\",\"myRole\":\"lead developer\",\"websiteLink\":\"\",\"projectBlurb\":\"\"}}}}}', '2017-08-27 04:04:44', '2017-08-27 04:04:44', 'c37c20e3-3dd9-4583-a343-ce1826b02b9f'),
 ('68', '20', '2', '1', 'en_us', '4', '', '{\"typeId\":\"2\",\"authorId\":\"1\",\"title\":\"Redbull\",\"slug\":\"redbull-1\",\"postDate\":1503299940,\"expiryDate\":null,\"enabled\":1,\"parentId\":\"\",\"fields\":{\"3\":[\"4\"],\"5\":{\"23\":{\"type\":\"projectInfo\",\"enabled\":\"1\",\"fields\":{\"clientName\":\"Redbull\",\"projectTitle\":\"Art of Can\",\"devStack\":\"middleman \\/ javascript\",\"agencyName\":\"The Program\",\"myRole\":\"second developer\",\"websiteLink\":\"http:\\/\\/www.redbullartofcan.com\\/\",\"projectBlurb\":\"\"}}}}}', '2017-08-27 04:06:13', '2017-08-27 04:06:13', '2daa17c7-a6bf-4785-b29c-821252597dcb'),
 ('69', '10', '2', '1', 'en_us', '4', '', '{\"typeId\":\"2\",\"authorId\":\"1\",\"title\":\"Global Citizen\",\"slug\":\"global-citizen\",\"postDate\":1503162300,\"expiryDate\":null,\"enabled\":1,\"parentId\":\"\",\"fields\":{\"3\":[\"4\"],\"5\":{\"11\":{\"type\":\"projectInfo\",\"enabled\":\"1\",\"fields\":{\"clientName\":\"Global Citizen\",\"projectTitle\":\"Global Citizen Meme generator\",\"devStack\":\"javascript \\/ canvas\",\"agencyName\":\"The Brigade\",\"myRole\":\"lead developer\",\"websiteLink\":\"https:\\/\\/thisisamerica.globalcitizen.org\\/\",\"projectBlurb\":\"\"}}}}}', '2017-08-27 04:09:21', '2017-08-27 04:09:21', '59f85e29-9f53-40aa-be7c-db9ec66cfd75'),
 ('70', '18', '2', '1', 'en_us', '5', '', '{\"typeId\":\"2\",\"authorId\":\"1\",\"title\":\"Aly + Jay\",\"slug\":\"aly-jay\",\"postDate\":1503299880,\"expiryDate\":null,\"enabled\":1,\"parentId\":\"\",\"fields\":{\"3\":[\"4\",\"16\",\"9\"],\"5\":{\"21\":{\"type\":\"projectInfo\",\"enabled\":\"1\",\"fields\":{\"clientName\":\"Aly + Jay\",\"projectTitle\":\"Aly + Jay online store\",\"devStack\":\"custom shopify \",\"agencyName\":\"The Program\",\"myRole\":\"lead developer\",\"websiteLink\":\"https:\\/\\/ali-jay.com\\/\",\"projectBlurb\":\"\"}}}}}', '2017-08-27 06:25:55', '2017-08-27 06:25:55', 'cf9b23be-de65-4681-bd4c-13babe82a790'),
 ('71', '5', '2', '1', 'en_us', '10', '', '{\"typeId\":\"2\",\"authorId\":\"1\",\"title\":\"Pasted.io \",\"slug\":\"fgdgdfgdsfg\",\"postDate\":1502857320,\"expiryDate\":null,\"enabled\":1,\"parentId\":\"\",\"fields\":{\"3\":[\"4\",\"16\",\"9\"],\"5\":{\"6\":{\"type\":\"projectInfo\",\"enabled\":\"1\",\"fields\":{\"clientName\":\"Pasted App \",\"projectTitle\":\"Pasted.io\",\"devStack\":\"javascript\",\"agencyName\":\"The Brigade\",\"myRole\":\"lead developer\",\"websiteLink\":\"http:\\/\\/www.pasted.io\\/\",\"projectBlurb\":\"this is a blur\"}}}}}', '2017-08-27 06:28:04', '2017-08-27 06:28:04', '24430ae9-2761-4780-a3f6-155e495aeed7'),
 ('72', '5', '2', '1', 'en_us', '11', '', '{\"typeId\":\"2\",\"authorId\":\"1\",\"title\":\"Pasted.io \",\"slug\":\"fgdgdfgdsfg\",\"postDate\":1502857320,\"expiryDate\":null,\"enabled\":1,\"parentId\":\"\",\"fields\":{\"3\":[\"4\",\"16\",\"9\"],\"5\":{\"6\":{\"type\":\"projectInfo\",\"enabled\":\"1\",\"fields\":{\"clientName\":\"Pasted App \",\"projectTitle\":\"Pasted.io\",\"devStack\":\"javascript\",\"agencyName\":\"The Brigade\",\"myRole\":\"lead developer\",\"websiteLink\":\"http:\\/\\/www.pasted.io\\/\",\"projectBlurb\":\"<p>this is a blurb&nbsp;this is a blurb&nbsp;this is a blurb&nbsp;this is a blurb&nbsp;this is a blurb&nbsp;this is a blurb&nbsp;this is a blurb&nbsp;this is a blurb&nbsp;this is a blurb&nbsp;this is a blurb&nbsp;this is a blurb&nbsp;this is a blurb&nbsp;this is a blurb&nbsp;this is a blurb&nbsp;this is a blurb&nbsp;this is a blurb&nbsp;this is a blurb&nbsp;this is a blurb&nbsp;this is a blurb&nbsp;this is a blurb&nbsp;<\\/p>\"}}}}}', '2017-08-30 21:50:22', '2017-08-30 21:50:22', '1eecf3d2-d40b-437e-9266-2a7c35451c4d'),
 ('73', '5', '2', '1', 'en_us', '12', '', '{\"typeId\":\"2\",\"authorId\":\"1\",\"title\":\"Pasted.io \",\"slug\":\"fgdgdfgdsfg\",\"postDate\":1502857320,\"expiryDate\":null,\"enabled\":1,\"parentId\":\"\",\"fields\":{\"3\":[\"4\",\"16\",\"9\"],\"5\":{\"6\":{\"type\":\"projectInfo\",\"enabled\":\"1\",\"fields\":{\"clientName\":\"Pasted App \",\"projectTitle\":\"Pasted.io\",\"devStack\":\"javascript\",\"agencyName\":\"The Brigade\",\"myRole\":\"lead developer\",\"websiteLink\":\"http:\\/\\/www.pasted.io\\/\",\"projectBlurb\":\"<p>Pasted.io is the home of the launch page for Pasted app, showcasing all the unique features the app has to offer as well as a gallery.<\\/p>\"}}}}}', '2017-08-30 21:55:51', '2017-08-30 21:55:51', 'a5c64259-571f-4285-b205-30afc7c401fc'),
 ('74', '5', '2', '1', 'en_us', '13', '', '{\"typeId\":\"2\",\"authorId\":\"1\",\"title\":\"Pasted.io \",\"slug\":\"fgdgdfgdsfg\",\"postDate\":1502857320,\"expiryDate\":null,\"enabled\":1,\"parentId\":\"\",\"fields\":{\"3\":[\"4\",\"16\",\"9\"],\"5\":{\"6\":{\"type\":\"projectInfo\",\"enabled\":\"1\",\"fields\":{\"clientName\":\"Pasted App \",\"projectTitle\":\"Pasted.io\",\"devStack\":\"Javascript\",\"agencyName\":\"The Brigade\",\"myRole\":\"lead developer\",\"websiteLink\":\"http:\\/\\/www.pasted.io\\/\",\"projectBlurb\":\"<p>Pasted.io is the home of the launch page for Pasted app, showcasing all the unique features the app has to offer as well as a gallery.<\\/p>\"}}}}}', '2017-08-30 22:49:47', '2017-08-30 22:49:47', '1d2a7b4e-3084-41af-b5b8-f8a2f1533cd0'),
 ('75', '5', '2', '1', 'en_us', '14', '', '{\"typeId\":\"2\",\"authorId\":\"1\",\"title\":\"Pasted.io \",\"slug\":\"fgdgdfgdsfg\",\"postDate\":1502857320,\"expiryDate\":null,\"enabled\":1,\"parentId\":\"\",\"fields\":{\"3\":\"\",\"5\":{\"6\":{\"type\":\"projectInfo\",\"enabled\":\"1\",\"fields\":{\"clientName\":\"Pasted App \",\"projectTitle\":\"Pasted.io\",\"devStack\":\"Javascript\",\"agencyName\":\"The Brigade\",\"myRole\":\"lead developer\",\"websiteLink\":\"http:\\/\\/www.pasted.io\\/\",\"projectBlurb\":\"<p>Pasted.io is the home of the launch page for Pasted app, showcasing all the unique features the app has to offer as well as a gallery.<\\/p>\"}}}}}', '2017-08-31 20:46:56', '2017-08-31 20:46:56', '8e66f5dd-8b87-4e4f-8136-a49212f38125'),
 ('76', '5', '2', '1', 'en_us', '15', '', '{\"typeId\":\"2\",\"authorId\":\"1\",\"title\":\"Pasted.io \",\"slug\":\"fgdgdfgdsfg\",\"postDate\":1502857320,\"expiryDate\":null,\"enabled\":1,\"parentId\":\"\",\"fields\":{\"3\":[\"27\"],\"5\":{\"6\":{\"type\":\"projectInfo\",\"enabled\":\"1\",\"fields\":{\"clientName\":\"Pasted App \",\"projectTitle\":\"Pasted.io\",\"devStack\":\"Javascript\",\"agencyName\":\"The Brigade\",\"myRole\":\"lead developer\",\"websiteLink\":\"http:\\/\\/www.pasted.io\\/\",\"projectBlurb\":\"<p>Pasted.io is the home of the launch page for Pasted app, showcasing all the unique features the app has to offer as well as a gallery.<\\/p>\"}}}}}', '2017-08-31 20:53:54', '2017-08-31 20:53:54', '6512388a-1844-489a-a6db-a4aa3094530d'),
 ('77', '5', '2', '1', 'en_us', '16', '', '{\"typeId\":\"2\",\"authorId\":\"1\",\"title\":\"Pasted.io \",\"slug\":\"fgdgdfgdsfg\",\"postDate\":1502857320,\"expiryDate\":null,\"enabled\":1,\"parentId\":\"\",\"fields\":{\"3\":[\"27\"],\"5\":{\"6\":{\"type\":\"projectInfo\",\"enabled\":\"1\",\"fields\":{\"clientName\":\"Pasted App \",\"projectTitle\":\"Pasted.io\",\"devStack\":\"Javascript\",\"agencyName\":\"The Brigade\",\"myRole\":\"lead developer\",\"websiteLink\":\"http:\\/\\/www.pasted.io\\/\",\"projectBlurb\":\"<p>Pasted.io is the home of the launch page for Pasted app, showcasing all the unique features the app has to offer as well as a gallery.<\\/p>\"}}}}}', '2017-08-31 21:09:35', '2017-08-31 21:09:35', '40a73955-9fa1-4706-b763-91609d9f2879'),
 ('78', '5', '2', '1', 'en_us', '17', '', '{\"typeId\":\"2\",\"authorId\":\"1\",\"title\":\"Pasted.io \",\"slug\":\"fgdgdfgdsfg\",\"postDate\":1502857320,\"expiryDate\":null,\"enabled\":1,\"parentId\":\"\",\"fields\":{\"3\":[\"27\",\"4\"],\"5\":{\"6\":{\"type\":\"projectInfo\",\"enabled\":\"1\",\"fields\":{\"clientName\":\"Pasted App \",\"projectTitle\":\"Pasted.io\",\"devStack\":\"Javascript\",\"agencyName\":\"The Brigade\",\"myRole\":\"lead developer\",\"websiteLink\":\"http:\\/\\/www.pasted.io\\/\",\"projectBlurb\":\"<p>Pasted.io is the home of the launch page for Pasted app, showcasing all the unique features the app has to offer as well as a gallery.<\\/p>\"}}}}}', '2017-08-31 21:27:22', '2017-08-31 21:27:22', '7af794cc-6d51-4a6d-b3ff-d2b3ec5e35ba'),
 ('79', '5', '2', '1', 'en_us', '18', '', '{\"typeId\":\"2\",\"authorId\":\"1\",\"title\":\"Pasted.io \",\"slug\":\"fgdgdfgdsfg\",\"postDate\":1502857320,\"expiryDate\":null,\"enabled\":1,\"parentId\":\"\",\"fields\":{\"3\":[\"27\",\"27\"],\"5\":{\"6\":{\"type\":\"projectInfo\",\"enabled\":\"1\",\"fields\":{\"clientName\":\"Pasted App \",\"projectTitle\":\"Pasted.io\",\"devStack\":\"Javascript\",\"agencyName\":\"The Brigade\",\"myRole\":\"lead developer\",\"websiteLink\":\"http:\\/\\/www.pasted.io\\/\",\"projectBlurb\":\"<p>Pasted.io is the home of the launch page for Pasted app, showcasing all the unique features the app has to offer as well as a gallery.<\\/p>\"}}}}}', '2017-08-31 21:44:17', '2017-08-31 21:44:17', '4db8ef1c-b0e7-4245-acca-76fd9e1b7cc9'),
 ('80', '5', '2', '1', 'en_us', '19', '', '{\"typeId\":\"2\",\"authorId\":\"1\",\"title\":\"Pasted.io \",\"slug\":\"fgdgdfgdsfg\",\"postDate\":1502857320,\"expiryDate\":null,\"enabled\":1,\"parentId\":\"\",\"fields\":{\"3\":[\"27\",\"30\"],\"5\":{\"6\":{\"type\":\"projectInfo\",\"enabled\":\"1\",\"fields\":{\"clientName\":\"Pasted App \",\"projectTitle\":\"Pasted.io\",\"devStack\":\"Javascript\",\"agencyName\":\"The Brigade\",\"myRole\":\"lead developer\",\"websiteLink\":\"http:\\/\\/www.pasted.io\\/\",\"projectBlurb\":\"<p>Pasted.io is the home of the launch page for Pasted app, showcasing all the unique features the app has to offer as well as a gallery.<\\/p>\"}}}}}', '2017-08-31 21:44:33', '2017-08-31 21:44:33', 'bb3f214d-25bc-4a10-a6b5-da3001d46f19'),
 ('81', '5', '2', '1', 'en_us', '20', '', '{\"typeId\":\"2\",\"authorId\":\"1\",\"title\":\"Pasted.io \",\"slug\":\"fgdgdfgdsfg\",\"postDate\":1502857320,\"expiryDate\":null,\"enabled\":1,\"parentId\":\"\",\"fields\":{\"3\":[\"27\",\"30\"],\"5\":{\"6\":{\"type\":\"projectInfo\",\"enabled\":\"1\",\"fields\":{\"clientName\":\"Pasted App \",\"projectTitle\":\"Pasted.io\",\"devStack\":\"Javascript\",\"agencyName\":\"The Brigade\",\"myRole\":\"lead developer\",\"websiteLink\":\"http:\\/\\/www.pasted.io\\/\",\"projectBlurb\":\"<p>Pasted.io is the home of the launch page for Pasted app, showcasing all the unique features the app has to offer as well as a gallery.<\\/p>\"}}}}}', '2017-09-01 05:21:19', '2017-09-01 05:21:19', '05de1fd9-09c3-42fd-9c2c-d96af0f3d733'),
 ('82', '10', '2', '1', 'en_us', '5', '', '{\"typeId\":\"2\",\"authorId\":\"1\",\"title\":\"Global Citizen\",\"slug\":\"global-citizen\",\"postDate\":1503162300,\"expiryDate\":null,\"enabled\":1,\"parentId\":\"\",\"fields\":{\"3\":[\"4\"],\"5\":{\"11\":{\"type\":\"projectInfo\",\"enabled\":\"1\",\"fields\":{\"clientName\":\"Global Citizen\",\"projectTitle\":\"Meme generator\",\"devStack\":\"javascript \\/ canvas\",\"agencyName\":\"The Brigade\",\"myRole\":\"lead developer\",\"websiteLink\":\"https:\\/\\/thisisamerica.globalcitizen.org\\/\",\"projectBlurb\":\"\"}}}}}', '2017-09-01 05:21:36', '2017-09-01 05:21:36', 'e95c8d82-43cf-4dd2-aaf4-e64f846ff641'),
 ('83', '10', '2', '1', 'en_us', '6', '', '{\"typeId\":\"2\",\"authorId\":\"1\",\"title\":\"Global Citizen\",\"slug\":\"global-citizen\",\"postDate\":1503162300,\"expiryDate\":null,\"enabled\":1,\"parentId\":\"\",\"fields\":{\"3\":[\"31\",\"32\",\"33\"],\"5\":{\"11\":{\"type\":\"projectInfo\",\"enabled\":\"1\",\"fields\":{\"clientName\":\"Global Citizen\",\"projectTitle\":\"Meme generator\",\"devStack\":\"javascript \\/ canvas\",\"agencyName\":\"The Brigade\",\"myRole\":\"lead developer\",\"websiteLink\":\"https:\\/\\/thisisamerica.globalcitizen.org\\/\",\"projectBlurb\":\"\"}}}}}', '2017-09-01 05:39:29', '2017-09-01 05:39:29', 'fbcce7ed-a6a8-4fee-be14-97e496d9511f'),
 ('84', '5', '2', '1', 'en_us', '21', '', '{\"typeId\":\"2\",\"authorId\":\"1\",\"title\":\"Pasted.io \",\"slug\":\"fgdgdfgdsfg\",\"postDate\":1502857320,\"expiryDate\":null,\"enabled\":1,\"parentId\":\"\",\"fields\":{\"3\":[\"27\",\"30\"],\"5\":{\"6\":{\"type\":\"projectInfo\",\"enabled\":\"1\",\"fields\":{\"clientName\":\"Pasted App \",\"projectTitle\":\"Pasted.io\",\"devStack\":\"Javascript\",\"agencyName\":\"The Brigade\",\"myRole\":\"lead developer\",\"websiteLink\":\"http:\\/\\/www.pasted.io\\/\",\"projectBlurb\":\"<p>Pasted.io: the launch page for Pasted app, showcasing all the unique features the app has to offer as well as a gallery.<\\/p>\"}}}}}', '2017-09-01 05:40:29', '2017-09-01 05:40:29', '07c3c141-466a-4472-814d-811ba3cf1ef3'),
 ('85', '10', '2', '1', 'en_us', '7', '', '{\"typeId\":\"2\",\"authorId\":\"1\",\"title\":\"Global Citizen\",\"slug\":\"global-citizen\",\"postDate\":1503162300,\"expiryDate\":null,\"enabled\":1,\"parentId\":\"\",\"fields\":{\"3\":[\"31\",\"32\",\"33\"],\"5\":{\"11\":{\"type\":\"projectInfo\",\"enabled\":\"1\",\"fields\":{\"clientName\":\"Global Citizen\",\"projectTitle\":\"Meme generator\",\"devStack\":\"javascript \\/ canvas\",\"agencyName\":\"The Brigade\",\"myRole\":\"lead developer\",\"websiteLink\":\"https:\\/\\/thisisamerica.globalcitizen.org\\/\",\"projectBlurb\":\"<p>In response to the current political climate nonprofit Global Citizen wanted to create a platform where people could make a statement and share it publicly through their social media channels. #thisisamerica<\\/p>\"}}}}}', '2017-09-01 05:42:35', '2017-09-01 05:42:35', 'c446a29a-df48-4dc6-abcc-9236be34b31e'),
 ('86', '5', '2', '1', 'en_us', '22', '', '{\"typeId\":\"2\",\"authorId\":\"1\",\"title\":\"Pasted.io \",\"slug\":\"fgdgdfgdsfg\",\"postDate\":1502857320,\"expiryDate\":null,\"enabled\":1,\"parentId\":\"\",\"fields\":{\"3\":[\"27\",\"30\"],\"5\":{\"6\":{\"type\":\"projectInfo\",\"enabled\":\"1\",\"fields\":{\"clientName\":\"Pasted App \",\"projectTitle\":\"Pasted.io\",\"devStack\":\"javascript\",\"agencyName\":\"The Brigade\",\"myRole\":\"lead developer\",\"websiteLink\":\"http:\\/\\/www.pasted.io\\/\",\"projectBlurb\":\"<p>Pasted.io: the launch page for Pasted app, showcasing all the unique features the app has to offer as well as a gallery.<\\/p>\"}}}}}', '2017-09-01 05:45:53', '2017-09-01 05:45:53', '71fafacd-1bd0-4ab0-9076-b53f94fcc2bc'),
 ('87', '12', '2', '1', 'en_us', '8', '', '{\"typeId\":\"2\",\"authorId\":\"1\",\"title\":\"RedBull \",\"slug\":\"redbull\",\"postDate\":1503166680,\"expiryDate\":null,\"enabled\":1,\"parentId\":\"\",\"fields\":{\"3\":[\"4\"],\"5\":{\"13\":{\"type\":\"projectInfo\",\"enabled\":\"1\",\"fields\":{\"clientName\":\"Redbull\",\"projectTitle\":\"Listen Up!\",\"devStack\":\"javascript \\/ soundcloud API \\/ middleman\",\"agencyName\":\"The Program\",\"myRole\":\"lead developer\",\"websiteLink\":\"http:\\/\\/listen.redbull.com\\/\",\"projectBlurb\":\"<p>micosite built to announce four featured artists, and bring attention to Redbull\'s music labels: Sound Select & Redbull Records.<\\/p>\"}}}}}', '2017-09-01 05:50:31', '2017-09-01 05:50:31', '5451cf9f-0da8-4a79-ad90-fd312d70a362'),
 ('88', '12', '2', '1', 'en_us', '9', '', '{\"typeId\":\"2\",\"authorId\":\"1\",\"title\":\"RedBull \",\"slug\":\"redbull\",\"postDate\":1503166680,\"expiryDate\":null,\"enabled\":1,\"parentId\":\"\",\"fields\":{\"3\":[\"35\",\"34\"],\"5\":{\"13\":{\"type\":\"projectInfo\",\"enabled\":\"1\",\"fields\":{\"clientName\":\"Redbull\",\"projectTitle\":\"Listen Up!\",\"devStack\":\"javascript \\/ soundcloud API \\/ middleman\",\"agencyName\":\"The Program\",\"myRole\":\"lead developer\",\"websiteLink\":\"http:\\/\\/listen.redbull.com\\/\",\"projectBlurb\":\"<p>micosite built to announce four featured artists, and bring attention to Redbull\'s music labels: Sound Select & Redbull Records.<\\/p>\"}}}}}', '2017-09-01 05:59:45', '2017-09-01 05:59:45', '237785e5-1749-4b2f-972c-b9f1d6fbb649'),
 ('89', '17', '2', '1', 'en_us', '5', '', '{\"typeId\":\"2\",\"authorId\":\"1\",\"title\":\"Mozilla\",\"slug\":\"mozilla\",\"postDate\":1503299880,\"expiryDate\":null,\"enabled\":1,\"parentId\":\"\",\"fields\":{\"3\":[\"4\"],\"5\":{\"24\":{\"type\":\"projectInfo\",\"enabled\":\"1\",\"fields\":{\"clientName\":\"Mozilla\",\"projectTitle\":\"Mozilla Business Affairs\",\"devStack\":\"wordpress, javascript\",\"agencyName\":\"The Brigade\",\"myRole\":\"lead developer\",\"websiteLink\":\"https:\\/\\/blog.mozilla.org\\/businessaffairs\\/\",\"projectBlurb\":\"<p>Always interested in sharing information and communicating with the public Business Affairs blog is just one avenue Mozilla uses to continue to spread its open source message and keep people informed on what they are currently working on.<\\/p>\"}}}}}', '2017-09-01 06:05:47', '2017-09-01 06:05:47', '050f7583-6a2d-40ce-9dfc-2a3cf89a62b8'),
 ('90', '17', '2', '1', 'en_us', '6', '', '{\"typeId\":\"2\",\"authorId\":\"1\",\"title\":\"Mozilla\",\"slug\":\"mozilla\",\"postDate\":1503299880,\"expiryDate\":null,\"enabled\":1,\"parentId\":\"\",\"fields\":{\"3\":[\"37\",\"36\"],\"5\":{\"24\":{\"type\":\"projectInfo\",\"enabled\":\"1\",\"fields\":{\"clientName\":\"Mozilla\",\"projectTitle\":\"Mozilla Business Affairs\",\"devStack\":\"wordpress, javascript\",\"agencyName\":\"The Brigade\",\"myRole\":\"lead developer\",\"websiteLink\":\"https:\\/\\/blog.mozilla.org\\/businessaffairs\\/\",\"projectBlurb\":\"<p>Always interested in sharing information and communicating with the public Business Affairs blog is just one avenue Mozilla uses to continue to spread its open source message and keep people informed on what they are currently working on.<\\/p>\"}}}}}', '2017-09-01 06:11:22', '2017-09-01 06:11:22', 'b0f187a3-08c5-40e0-8d95-23bfb5a6ec92'),
 ('91', '18', '2', '1', 'en_us', '6', '', '{\"typeId\":\"2\",\"authorId\":\"1\",\"title\":\"Aly + Jay\",\"slug\":\"aly-jay\",\"postDate\":1503299880,\"expiryDate\":null,\"enabled\":1,\"parentId\":\"\",\"fields\":{\"3\":[\"38\",\"39\",\"40\"],\"5\":{\"21\":{\"type\":\"projectInfo\",\"enabled\":\"1\",\"fields\":{\"clientName\":\"Aly + Jay\",\"projectTitle\":\"ecommerce store\",\"devStack\":\"custom shopify \",\"agencyName\":\"The Program\",\"myRole\":\"lead developer\",\"websiteLink\":\"https:\\/\\/ali-jay.com\\/\",\"projectBlurb\":\"<p>clean online store <\\/p>\"}}}}}', '2017-09-01 06:19:51', '2017-09-01 06:19:51', '0ea5fefc-b85a-47c7-bfc4-c79bbebd1169'),
 ('92', '20', '2', '1', 'en_us', '5', '', '{\"typeId\":\"2\",\"authorId\":\"1\",\"title\":\"Redbull\",\"slug\":\"redbull-1\",\"postDate\":1503299940,\"expiryDate\":null,\"enabled\":1,\"parentId\":\"\",\"fields\":{\"3\":[\"44\",\"42\",\"43\",\"41\"],\"5\":{\"23\":{\"type\":\"projectInfo\",\"enabled\":\"1\",\"fields\":{\"clientName\":\"Redbull\",\"projectTitle\":\"Art of Can\",\"devStack\":\"middleman \\/ javascript\",\"agencyName\":\"The Program\",\"myRole\":\"second developer\",\"websiteLink\":\"http:\\/\\/www.redbullartofcan.com\\/\",\"projectBlurb\":\"\"}}}}}', '2017-09-01 06:49:21', '2017-09-01 06:49:21', 'd25f4cd4-f6a2-4bb1-8618-ee6e138f5c77'),
 ('93', '14', '2', '1', 'en_us', '4', '', '{\"typeId\":\"2\",\"authorId\":\"1\",\"title\":\"Nike\",\"slug\":\"nike\",\"postDate\":1503166860,\"expiryDate\":null,\"enabled\":1,\"parentId\":\"\",\"fields\":{\"3\":[\"45\"],\"5\":{\"15\":{\"type\":\"projectInfo\",\"enabled\":\"1\",\"fields\":{\"clientName\":\"Nike\",\"projectTitle\":\"ecommerce advanced search\",\"devStack\":\"javascript\",\"agencyName\":\"The Program\",\"myRole\":\"Lead Developer\",\"websiteLink\":\"\",\"projectBlurb\":\"\"}}}}}', '2017-09-01 15:19:14', '2017-09-01 15:19:14', '32dcdfd0-36c5-4432-91c3-774ed0da0a04'),
 ('94', '14', '2', '1', 'en_us', '5', '', '{\"typeId\":\"2\",\"authorId\":\"1\",\"title\":\"Nike\",\"slug\":\"nike\",\"postDate\":1503166860,\"expiryDate\":null,\"enabled\":1,\"parentId\":\"\",\"fields\":{\"3\":[\"45\",\"46\"],\"5\":{\"15\":{\"type\":\"projectInfo\",\"enabled\":\"1\",\"fields\":{\"clientName\":\"Nike\",\"projectTitle\":\"ecommerce advanced search\",\"devStack\":\"javascript\",\"agencyName\":\"The Program\",\"myRole\":\"Lead Developer\",\"websiteLink\":\"\",\"projectBlurb\":\"\"}}}}}', '2017-09-01 15:50:38', '2017-09-01 15:50:38', '1dc3acb9-40cb-4afc-99c4-fdd842dfe2d5'),
 ('95', '19', '2', '1', 'en_us', '5', '', '{\"typeId\":\"2\",\"authorId\":\"1\",\"title\":\"Nike\",\"slug\":\"nike-1\",\"postDate\":1503299940,\"expiryDate\":null,\"enabled\":1,\"parentId\":\"\",\"fields\":{\"3\":[\"47\",\"48\"],\"5\":{\"22\":{\"type\":\"projectInfo\",\"enabled\":\"1\",\"fields\":{\"clientName\":\"Nike\",\"projectTitle\":\"New Product  Banners\",\"devStack\":\"javascript\",\"agencyName\":\"The Program\",\"myRole\":\"lead developer\",\"websiteLink\":\"\",\"projectBlurb\":\"\"}}}}}', '2017-09-01 15:59:27', '2017-09-01 15:59:27', 'aa303bd0-4f62-4e72-ab32-d4a04ccec386'),
 ('96', '14', '2', '1', 'en_us', '6', '', '{\"typeId\":\"2\",\"authorId\":\"1\",\"title\":\"Nike\",\"slug\":\"nike\",\"postDate\":1503166860,\"expiryDate\":null,\"enabled\":1,\"parentId\":\"\",\"fields\":{\"3\":[\"45\",\"46\"],\"5\":{\"15\":{\"type\":\"projectInfo\",\"enabled\":\"1\",\"fields\":{\"clientName\":\"Nike\",\"projectTitle\":\"ecommerce advanced search\",\"devStack\":\"javascript\",\"agencyName\":\"The Program\",\"myRole\":\"Lead Developer\",\"websiteLink\":\"no longer live\",\"projectBlurb\":\"\"}}}}}', '2017-09-01 16:01:37', '2017-09-01 16:01:37', '4824da1a-79f7-4369-a0c1-f3438f350b75'),
 ('97', '19', '2', '1', 'en_us', '6', '', '{\"typeId\":\"2\",\"authorId\":\"1\",\"title\":\"Nike\",\"slug\":\"nike-1\",\"postDate\":1503299940,\"expiryDate\":null,\"enabled\":1,\"parentId\":\"\",\"fields\":{\"3\":[\"47\",\"48\"],\"5\":{\"22\":{\"type\":\"projectInfo\",\"enabled\":\"1\",\"fields\":{\"clientName\":\"Nike\",\"projectTitle\":\"New Product  Banners\",\"devStack\":\"javascript\",\"agencyName\":\"The Program\",\"myRole\":\"lead developer\",\"websiteLink\":\"\",\"projectBlurb\":\"\"}}}}}', '2017-09-01 16:02:01', '2017-09-01 16:02:01', 'd02daac1-3e07-4ee5-9d01-ad5c10beccb5'),
 ('98', '14', '2', '1', 'en_us', '7', '', '{\"typeId\":\"2\",\"authorId\":\"1\",\"title\":\"Nike\",\"slug\":\"nike\",\"postDate\":1503166860,\"expiryDate\":null,\"enabled\":1,\"parentId\":\"\",\"fields\":{\"3\":[\"45\",\"46\"],\"5\":{\"15\":{\"type\":\"projectInfo\",\"enabled\":\"1\",\"fields\":{\"clientName\":\"Nike\",\"projectTitle\":\"ecommerce advanced search\",\"devStack\":\"javascript\",\"agencyName\":\"The Program\",\"myRole\":\"Lead Developer\",\"websiteLink\":\"\",\"projectBlurb\":\"\"}}}}}', '2017-09-01 16:02:10', '2017-09-01 16:02:10', 'a4657623-ba5a-4cd0-815f-1aed442ae0e1'),
 ('99', '19', '2', '1', 'en_us', '7', '', '{\"typeId\":\"2\",\"authorId\":\"1\",\"title\":\"Nike\",\"slug\":\"nike-1\",\"postDate\":1503299940,\"expiryDate\":null,\"enabled\":1,\"parentId\":\"\",\"fields\":{\"3\":[\"47\",\"48\"],\"5\":{\"22\":{\"type\":\"projectInfo\",\"enabled\":\"1\",\"fields\":{\"clientName\":\"Nike\",\"projectTitle\":\"New Product  Banners\",\"devStack\":\"javascript\",\"agencyName\":\"The Program\",\"myRole\":\"lead developer\",\"websiteLink\":\"\",\"projectBlurb\":\"\"}}}}}', '2017-09-01 16:07:03', '2017-09-01 16:07:03', '1bfaea82-d859-4559-af92-d4e8f56f3e88'),
 ('100', '19', '2', '1', 'en_us', '8', '', '{\"typeId\":\"2\",\"authorId\":\"1\",\"title\":\"Nike\",\"slug\":\"nike-1\",\"postDate\":1503299940,\"expiryDate\":null,\"enabled\":1,\"parentId\":\"\",\"fields\":{\"3\":[\"47\",\"48\"],\"5\":{\"22\":{\"type\":\"projectInfo\",\"enabled\":\"1\",\"fields\":{\"clientName\":\"Nike\",\"projectTitle\":\"Advanced Search\",\"devStack\":\"javascript\",\"agencyName\":\"The Program\",\"myRole\":\"lead developer\",\"websiteLink\":\"\",\"projectBlurb\":\"\"}}}}}', '2017-09-01 16:07:24', '2017-09-01 16:07:24', 'b1ef0291-0799-4283-b5b5-654ac372ac6e'),
 ('101', '14', '2', '1', 'en_us', '8', '', '{\"typeId\":\"2\",\"authorId\":\"1\",\"title\":\"Nike\",\"slug\":\"nike\",\"postDate\":1503166860,\"expiryDate\":null,\"enabled\":1,\"parentId\":\"\",\"fields\":{\"3\":[\"45\",\"46\"],\"5\":{\"15\":{\"type\":\"projectInfo\",\"enabled\":\"1\",\"fields\":{\"clientName\":\"Nike\",\"projectTitle\":\"New Product Banners\",\"devStack\":\"javascript\",\"agencyName\":\"The Program\",\"myRole\":\"lead developer\",\"websiteLink\":\"\",\"projectBlurb\":\"\"}}}}}', '2017-09-01 16:07:46', '2017-09-01 16:07:46', '6f1d0729-bebd-47d6-8178-2302de42dcb4');
INSERT INTO `craft_entryversions` (`id`, `entryId`, `sectionId`, `creatorId`, `locale`, `num`, `notes`, `data`, `dateCreated`, `dateUpdated`, `uid`) VALUES
 ('102', '14', '2', '1', 'en_us', '9', '', '{\"typeId\":\"2\",\"authorId\":\"1\",\"title\":\"Nike\",\"slug\":\"nike\",\"postDate\":1503166860,\"expiryDate\":null,\"enabled\":1,\"parentId\":\"\",\"fields\":{\"3\":[\"45\",\"46\"],\"5\":{\"15\":{\"type\":\"projectInfo\",\"enabled\":\"1\",\"fields\":{\"clientName\":\"Nike\",\"projectTitle\":\"New Product Banners\",\"devStack\":\"javascript\",\"agencyName\":\"The Program\",\"myRole\":\"lead developer\",\"websiteLink\":\"\",\"projectBlurb\":\"\"}}}}}', '2017-09-01 16:29:34', '2017-09-01 16:29:34', '79dbe8fd-a8cc-4193-bba1-7176b23b1dd8'),
 ('103', '14', '2', '1', 'en_us', '10', '', '{\"typeId\":\"2\",\"authorId\":\"1\",\"title\":\"Nike\",\"slug\":\"nike\",\"postDate\":1503166860,\"expiryDate\":null,\"enabled\":1,\"parentId\":\"\",\"fields\":{\"3\":[\"45\",\"46\"],\"5\":{\"15\":{\"type\":\"projectInfo\",\"enabled\":\"1\",\"fields\":{\"clientName\":\"Nike\",\"projectTitle\":\"New Product Banners\",\"devStack\":\"javascript\",\"agencyName\":\"The Program\",\"myRole\":\"lead developer\",\"websiteLink\":\"\",\"projectBlurb\":\"<p>These banners lived on some top sneaker retails ecommerce sites, such as Finish Line, East Bay & Foot Action. &nbsp;Their purpose was to give the user detailed information about new products without disrupting the standard shopping experience.<\\/p>\"}}}}}', '2017-09-01 16:40:30', '2017-09-01 16:40:30', '57284bc1-eae0-4bd9-8a49-fa882b3d6568'),
 ('104', '17', '2', '1', 'en_us', '7', '', '{\"typeId\":\"2\",\"authorId\":\"1\",\"title\":\"Mozilla\",\"slug\":\"mozilla\",\"postDate\":1503299880,\"expiryDate\":null,\"enabled\":1,\"parentId\":\"\",\"fields\":{\"3\":[\"37\",\"36\"],\"5\":{\"24\":{\"type\":\"projectInfo\",\"enabled\":\"1\",\"fields\":{\"clientName\":\"Mozilla\",\"projectTitle\":\"Mozilla Business Affairs\",\"devStack\":\"wordpress, javascript\",\"agencyName\":\"The Brigade\",\"myRole\":\"lead developer\",\"websiteLink\":\"https:\\/\\/blog.mozilla.org\\/businessaffairs\\/\",\"projectBlurb\":\"<p>Always interested in sharing information and communicating with the public Business Affairs blog is just one avenue Mozilla uses to continue to spread its open source message and keep people informed on what they are currently working on.<\\/p>\"}}}}}', '2017-09-01 16:40:43', '2017-09-01 16:40:43', 'ac36e634-da14-4fc8-a53c-bed4b46cca18'),
 ('105', '18', '2', '1', 'en_us', '7', '', '{\"typeId\":\"2\",\"authorId\":\"1\",\"title\":\"Aly + Jay\",\"slug\":\"aly-jay\",\"postDate\":1503299880,\"expiryDate\":null,\"enabled\":1,\"parentId\":\"\",\"fields\":{\"3\":[\"38\",\"39\",\"40\"],\"5\":{\"21\":{\"type\":\"projectInfo\",\"enabled\":\"1\",\"fields\":{\"clientName\":\"Aly + Jay\",\"projectTitle\":\"ecommerce store\",\"devStack\":\"custom shopify \",\"agencyName\":\"The Program\",\"myRole\":\"lead developer\",\"websiteLink\":\"https:\\/\\/ali-jay.com\\/\",\"projectBlurb\":\"<p>clean online store <\\/p>\"}}}}}', '2017-09-01 16:41:15', '2017-09-01 16:41:15', 'bb9635f7-7ab9-486a-a4b1-67080e3c701c'),
 ('106', '19', '2', '1', 'en_us', '9', '', '{\"typeId\":\"2\",\"authorId\":\"1\",\"title\":\"Nike\",\"slug\":\"nike-1\",\"postDate\":1503299940,\"expiryDate\":null,\"enabled\":1,\"parentId\":\"\",\"fields\":{\"3\":[\"47\",\"48\"],\"5\":{\"22\":{\"type\":\"projectInfo\",\"enabled\":\"1\",\"fields\":{\"clientName\":\"Nike\",\"projectTitle\":\"Advanced Search\",\"devStack\":\"javascript\",\"agencyName\":\"The Program\",\"myRole\":\"lead developer\",\"websiteLink\":\"\",\"projectBlurb\":\"<p>These advanced search modules lived on top sneaker retail sites including Foot Locker, Foot Action & EastBay. &nbsp;Their purpose was to give the user a comprehensive and interactive view of the entire collection all a once, and also allow them to purchase items directly from the interactive experience.<\\/p>\"}}}}}', '2017-09-01 16:44:17', '2017-09-01 16:44:17', '0c92079f-180f-4ebc-96ff-dee62da0d0c7'),
 ('107', '20', '2', '1', 'en_us', '6', '', '{\"typeId\":\"2\",\"authorId\":\"1\",\"title\":\"Redbull\",\"slug\":\"redbull-1\",\"postDate\":1503299940,\"expiryDate\":null,\"enabled\":1,\"parentId\":\"\",\"fields\":{\"3\":[\"44\",\"42\",\"43\",\"41\"],\"5\":{\"23\":{\"type\":\"projectInfo\",\"enabled\":\"1\",\"fields\":{\"clientName\":\"Redbull\",\"projectTitle\":\"Art of Can\",\"devStack\":\"middleman \\/ javascript\",\"agencyName\":\"The Program\",\"myRole\":\"second developer\",\"websiteLink\":\"http:\\/\\/www.redbullartofcan.com\\/\",\"projectBlurb\":\"<p>Art of Can is a contest that challenges artists to create their best works using only Redbull cans. &nbsp;This site showcases the artists and their artwork.<\\/p>\"}}}}}', '2017-09-01 16:46:04', '2017-09-01 16:46:04', '8bbfdde2-5ec6-4b68-befe-e9c12b609812'),
 ('108', '14', '2', '1', 'en_us', '11', '', '{\"typeId\":\"2\",\"authorId\":\"1\",\"title\":\"Nike\",\"slug\":\"nike\",\"postDate\":1503166860,\"expiryDate\":null,\"enabled\":1,\"parentId\":\"\",\"fields\":{\"3\":[\"45\",\"46\"],\"5\":{\"15\":{\"type\":\"projectInfo\",\"enabled\":\"1\",\"fields\":{\"clientName\":\"Nike\",\"projectTitle\":\"New Product Banners\",\"devStack\":\"javascript\",\"agencyName\":\"The Program\",\"myRole\":\"lead developer\",\"websiteLink\":\"\",\"projectBlurb\":\"<p>These banners lived on some top sneaker retail sites including Finish Line, East Bay & Foot Action. &nbsp;Their purpose was to give the user detailed information about new products without disrupting the standard shopping experience.<\\/p>\"}}}}}', '2017-09-01 16:46:43', '2017-09-01 16:46:43', 'f851d54a-6e71-4b2e-95bd-1dc6603accd1'),
 ('109', '14', '2', '1', 'en_us', '12', '', '{\"typeId\":\"2\",\"authorId\":\"1\",\"title\":\"Nike\",\"slug\":\"nike\",\"postDate\":1503166860,\"expiryDate\":null,\"enabled\":1,\"parentId\":\"\",\"fields\":{\"3\":[\"45\",\"46\",\"49\"],\"5\":{\"15\":{\"type\":\"projectInfo\",\"enabled\":\"1\",\"fields\":{\"clientName\":\"Nike\",\"projectTitle\":\"New Product Banners\",\"devStack\":\"javascript\",\"agencyName\":\"The Program\",\"myRole\":\"lead developer\",\"websiteLink\":\"\",\"projectBlurb\":\"<p>These banners lived on some top sneaker retail sites including Finish Line, East Bay & Foot Action. &nbsp;Their purpose was to give the user detailed information about new products without disrupting the standard shopping experience.<\\/p>\"}}}}}', '2017-09-06 01:40:21', '2017-09-06 01:40:21', 'f53991b1-823d-4c29-8d99-6a099c684765');



DROP TABLE IF EXISTS `craft_fieldgroups`;


--
-- Schema for table `craft_fieldgroups`
--
CREATE TABLE `craft_fieldgroups` (
  `id` int(11) NOT NULL AUTO_INCREMENT,
  `name` varchar(255) COLLATE utf8_unicode_ci NOT NULL,
  `dateCreated` datetime NOT NULL,
  `dateUpdated` datetime NOT NULL,
  `uid` char(36) COLLATE utf8_unicode_ci NOT NULL DEFAULT '0',
  PRIMARY KEY (`id`),
  UNIQUE KEY `craft_fieldgroups_name_unq_idx` (`name`)
) ENGINE=InnoDB AUTO_INCREMENT=2 DEFAULT CHARSET=utf8 COLLATE=utf8_unicode_ci;

--
-- Data for table `craft_fieldgroups`
--

INSERT INTO `craft_fieldgroups` (`id`, `name`, `dateCreated`, `dateUpdated`, `uid`) VALUES
 ('1', 'Default', '2017-07-14 08:15:13', '2017-07-14 08:15:13', 'cd55677e-1748-42c1-911e-641e88a7d5ed');



DROP TABLE IF EXISTS `craft_fieldlayoutfields`;


--
-- Schema for table `craft_fieldlayoutfields`
--
CREATE TABLE `craft_fieldlayoutfields` (
  `id` int(11) NOT NULL AUTO_INCREMENT,
  `layoutId` int(11) NOT NULL,
  `tabId` int(11) NOT NULL,
  `fieldId` int(11) NOT NULL,
  `required` tinyint(1) unsigned NOT NULL DEFAULT '0',
  `sortOrder` smallint(6) unsigned DEFAULT NULL,
  `dateCreated` datetime NOT NULL,
  `dateUpdated` datetime NOT NULL,
  `uid` char(36) COLLATE utf8_unicode_ci NOT NULL DEFAULT '0',
  PRIMARY KEY (`id`),
  UNIQUE KEY `craft_fieldlayoutfields_layoutId_fieldId_unq_idx` (`layoutId`,`fieldId`),
  KEY `craft_fieldlayoutfields_sortOrder_idx` (`sortOrder`),
  KEY `craft_fieldlayoutfields_tabId_fk` (`tabId`),
  KEY `craft_fieldlayoutfields_fieldId_fk` (`fieldId`)
) ENGINE=InnoDB AUTO_INCREMENT=74 DEFAULT CHARSET=utf8 COLLATE=utf8_unicode_ci;

--
-- Data for table `craft_fieldlayoutfields`
--

INSERT INTO `craft_fieldlayoutfields` (`id`, `layoutId`, `tabId`, `fieldId`, `required`, `sortOrder`, `dateCreated`, `dateUpdated`, `uid`) VALUES
 ('55', '28', '23', '18', '0', '1', '2017-08-26 19:14:07', '2017-08-26 19:14:07', 'c9206484-9bfb-4f40-bb3a-774652b52301'),
 ('56', '28', '23', '19', '0', '2', '2017-08-26 19:14:07', '2017-08-26 19:14:07', '3775a9d8-e13f-4707-9cdc-2215aff9099d'),
 ('57', '28', '23', '20', '0', '3', '2017-08-26 19:14:07', '2017-08-26 19:14:07', '5d3e944c-d12a-42e1-9a10-4bb2ce902f43'),
 ('58', '28', '23', '21', '0', '4', '2017-08-26 19:14:07', '2017-08-26 19:14:07', '99ada867-5c46-4fbd-95bd-c2f61cfd5c53'),
 ('59', '28', '23', '22', '0', '5', '2017-08-26 19:14:07', '2017-08-26 19:14:07', '8cd9f2d7-d7ef-4412-a9ad-984233b5437c'),
 ('60', '28', '23', '23', '0', '6', '2017-08-26 19:14:07', '2017-08-26 19:14:07', 'e6e7fff9-39af-416f-b91a-7451ee40832b'),
 ('61', '29', '24', '4', '0', '1', '2017-08-26 19:14:32', '2017-08-26 19:14:32', '759d68ae-9a44-42c1-9445-9fffde16a2a8'),
 ('62', '29', '24', '1', '1', '2', '2017-08-26 19:14:32', '2017-08-26 19:14:32', 'd0d147df-dcec-4d53-8be5-fa6fa0ffd737'),
 ('63', '29', '24', '17', '0', '3', '2017-08-26 19:14:32', '2017-08-26 19:14:32', '8346b6dc-89b0-4fd4-9871-dd0eaa23eb65'),
 ('64', '30', '25', '8', '0', '1', '2017-08-30 21:49:10', '2017-08-30 21:49:10', 'ba8cb4f3-e47b-45e2-a66a-9ac02abe6d4d'),
 ('65', '30', '25', '6', '0', '2', '2017-08-30 21:49:10', '2017-08-30 21:49:10', '61ac77e9-a2e1-4dd9-84eb-dc55c0209a83'),
 ('66', '30', '25', '12', '0', '3', '2017-08-30 21:49:10', '2017-08-30 21:49:10', 'b3ff0066-e56f-4fae-a52a-a5c664a9667d'),
 ('67', '30', '25', '13', '0', '4', '2017-08-30 21:49:10', '2017-08-30 21:49:10', 'dfe2fe02-0fb3-4df5-8906-1955af6cfa51'),
 ('68', '30', '25', '14', '0', '5', '2017-08-30 21:49:10', '2017-08-30 21:49:10', '9ab36812-ad59-4a7d-8e75-31af5909d0e0'),
 ('69', '30', '25', '15', '0', '6', '2017-08-30 21:49:10', '2017-08-30 21:49:10', 'ae715c93-5fd5-4b59-9123-ec863e8336c6'),
 ('70', '30', '25', '16', '0', '7', '2017-08-30 21:49:10', '2017-08-30 21:49:10', 'd8e19d91-5c0d-4c9a-9283-fdb605f22ecf'),
 ('71', '31', '26', '3', '0', '1', '2017-09-06 03:44:44', '2017-09-06 03:44:44', 'dd390202-3610-4905-ade0-dd8ae45e1ca8'),
 ('72', '31', '26', '24', '0', '2', '2017-09-06 03:44:44', '2017-09-06 03:44:44', '9feb0fdb-5590-4507-8581-80d6aef94205'),
 ('73', '31', '26', '5', '0', '3', '2017-09-06 03:44:44', '2017-09-06 03:44:44', '6bea4252-91dd-4ecd-8456-69bb6a8b1521');



DROP TABLE IF EXISTS `craft_fieldlayouts`;


--
-- Schema for table `craft_fieldlayouts`
--
CREATE TABLE `craft_fieldlayouts` (
  `id` int(11) NOT NULL AUTO_INCREMENT,
  `type` varchar(150) COLLATE utf8_unicode_ci NOT NULL,
  `dateCreated` datetime NOT NULL,
  `dateUpdated` datetime NOT NULL,
  `uid` char(36) COLLATE utf8_unicode_ci NOT NULL DEFAULT '0',
  PRIMARY KEY (`id`),
  KEY `craft_fieldlayouts_type_idx` (`type`)
) ENGINE=InnoDB AUTO_INCREMENT=32 DEFAULT CHARSET=utf8 COLLATE=utf8_unicode_ci;

--
-- Data for table `craft_fieldlayouts`
--

INSERT INTO `craft_fieldlayouts` (`id`, `type`, `dateCreated`, `dateUpdated`, `uid`) VALUES
 ('1', 'Tag', '2017-07-14 08:15:13', '2017-07-14 08:15:13', '90565006-f11f-4019-bb78-ed41ce9e9228'),
 ('20', 'Asset', '2017-08-17 02:35:05', '2017-08-17 02:35:05', 'd8b1c423-0700-4d41-a244-1acbff2cc083'),
 ('28', 'MatrixBlock', '2017-08-26 19:14:07', '2017-08-26 19:14:07', 'f06d3dff-fa03-40bf-b496-6e866a474518'),
 ('29', 'Entry', '2017-08-26 19:14:32', '2017-08-26 19:14:32', 'c734d481-6092-4b58-ade7-94aba6c6af84'),
 ('30', 'MatrixBlock', '2017-08-30 21:49:10', '2017-08-30 21:49:10', '1aedb7e0-0357-48d1-a735-4ba35778601d'),
 ('31', 'Entry', '2017-09-06 03:44:44', '2017-09-06 03:44:44', '2e1fad14-2615-4763-b725-f654a6fb8bea');



DROP TABLE IF EXISTS `craft_fieldlayouttabs`;


--
-- Schema for table `craft_fieldlayouttabs`
--
CREATE TABLE `craft_fieldlayouttabs` (
  `id` int(11) NOT NULL AUTO_INCREMENT,
  `layoutId` int(11) NOT NULL,
  `name` varchar(255) COLLATE utf8_unicode_ci NOT NULL,
  `sortOrder` smallint(6) unsigned DEFAULT NULL,
  `dateCreated` datetime NOT NULL,
  `dateUpdated` datetime NOT NULL,
  `uid` char(36) COLLATE utf8_unicode_ci NOT NULL DEFAULT '0',
  PRIMARY KEY (`id`),
  KEY `craft_fieldlayouttabs_sortOrder_idx` (`sortOrder`),
  KEY `craft_fieldlayouttabs_layoutId_fk` (`layoutId`)
) ENGINE=InnoDB AUTO_INCREMENT=27 DEFAULT CHARSET=utf8 COLLATE=utf8_unicode_ci;

--
-- Data for table `craft_fieldlayouttabs`
--

INSERT INTO `craft_fieldlayouttabs` (`id`, `layoutId`, `name`, `sortOrder`, `dateCreated`, `dateUpdated`, `uid`) VALUES
 ('23', '28', 'Content', '1', '2017-08-26 19:14:07', '2017-08-26 19:14:07', 'a8e73a0e-cc19-4985-98ab-a377a05d2b8c'),
 ('24', '29', 'Content', '1', '2017-08-26 19:14:32', '2017-08-26 19:14:32', 'f1de074d-c626-48fa-81e1-20c8aabffba2'),
 ('25', '30', 'Content', '1', '2017-08-30 21:49:10', '2017-08-30 21:49:10', 'c38e3d47-b709-4636-8f27-3d882f162f4a'),
 ('26', '31', 'Tab 1', '1', '2017-09-06 03:44:44', '2017-09-06 03:44:44', '2698f245-ed80-4a30-b687-54bd9fd81c7a');



DROP TABLE IF EXISTS `craft_fields`;


--
-- Schema for table `craft_fields`
--
CREATE TABLE `craft_fields` (
  `id` int(11) NOT NULL AUTO_INCREMENT,
  `groupId` int(11) DEFAULT NULL,
  `name` varchar(255) COLLATE utf8_unicode_ci NOT NULL,
  `handle` varchar(58) COLLATE utf8_unicode_ci NOT NULL,
  `context` varchar(255) COLLATE utf8_unicode_ci NOT NULL DEFAULT 'global',
  `instructions` text COLLATE utf8_unicode_ci,
  `translatable` tinyint(1) unsigned NOT NULL DEFAULT '0',
  `type` varchar(150) COLLATE utf8_unicode_ci NOT NULL,
  `settings` text COLLATE utf8_unicode_ci,
  `dateCreated` datetime NOT NULL,
  `dateUpdated` datetime NOT NULL,
  `uid` char(36) COLLATE utf8_unicode_ci NOT NULL DEFAULT '0',
  PRIMARY KEY (`id`),
  UNIQUE KEY `craft_fields_handle_context_unq_idx` (`handle`,`context`),
  KEY `craft_fields_context_idx` (`context`),
  KEY `craft_fields_groupId_fk` (`groupId`)
) ENGINE=InnoDB AUTO_INCREMENT=25 DEFAULT CHARSET=utf8 COLLATE=utf8_unicode_ci;

--
-- Data for table `craft_fields`
--

INSERT INTO `craft_fields` (`id`, `groupId`, `name`, `handle`, `context`, `instructions`, `translatable`, `type`, `settings`, `dateCreated`, `dateUpdated`, `uid`) VALUES
 ('1', '1', 'Body', 'body', 'global', NULL, '1', 'RichText', '{\"configFile\":\"Standard.json\",\"columnType\":\"text\"}', '2017-07-14 08:15:13', '2017-07-14 08:15:13', '2810f0e3-a957-4ce6-8407-2f3296228d6b'),
 ('2', '1', 'Tags', 'tags', 'global', NULL, '0', 'Tags', '{\"source\":\"taggroup:1\"}', '2017-07-14 08:15:13', '2017-07-14 08:15:13', 'aef92c77-26b4-4a1d-b6dd-8da5eb776f22'),
 ('3', '1', 'gallery-image', 'galleryImage', 'global', '', '0', 'Assets', '{\"useSingleFolder\":\"\",\"sources\":\"*\",\"defaultUploadLocationSource\":\"1\",\"defaultUploadLocationSubpath\":\"\",\"singleUploadLocationSource\":\"1\",\"singleUploadLocationSubpath\":\"\",\"restrictFiles\":\"\",\"limit\":\"\",\"viewMode\":\"large\",\"selectionLabel\":\"\"}', '2017-08-14 05:59:54', '2017-09-06 03:36:48', 'f1fc43b0-f20a-4573-8b5b-b53457891b55'),
 ('4', '1', 'tag-line', 'tagLine', 'global', '', '0', 'PlainText', '{\"placeholder\":\"\",\"maxLength\":\"\",\"multiline\":\"\",\"initialRows\":\"4\"}', '2017-08-14 06:08:14', '2017-08-14 06:08:14', 'f0c56fad-ebcd-4d8a-9339-f2e59ab7f50a'),
 ('5', '1', 'gallery-item', 'galleryItem', 'global', '', '0', 'Matrix', '{\"maxBlocks\":null}', '2017-08-16 04:12:37', '2017-08-30 21:49:10', 'b0b48162-0aa2-4163-b187-7c59173b2365'),
 ('6', NULL, 'projectTitle', 'projectTitle', 'matrixBlockType:1', '', '0', 'PlainText', '{\"placeholder\":\"\",\"maxLength\":\"\",\"multiline\":\"\",\"initialRows\":\"4\"}', '2017-08-16 04:12:38', '2017-08-30 21:49:10', '0796a012-be88-4b98-8f0c-28f5a657e617'),
 ('8', NULL, 'clientName', 'clientName', 'matrixBlockType:1', '', '0', 'PlainText', '{\"placeholder\":\"\",\"maxLength\":\"\",\"multiline\":\"\",\"initialRows\":\"4\"}', '2017-08-16 04:12:55', '2017-08-30 21:49:10', 'd8de9b47-07c4-4d17-bce9-b768ddd74af4'),
 ('12', NULL, 'devStack', 'devStack', 'matrixBlockType:1', '', '0', 'PlainText', '{\"placeholder\":\"\",\"maxLength\":\"\",\"multiline\":\"\",\"initialRows\":\"4\"}', '2017-08-16 05:12:05', '2017-08-30 21:49:10', '50d8d54e-6f9a-4c31-985a-4385fc6129f2'),
 ('13', NULL, 'agencyName', 'agencyName', 'matrixBlockType:1', '', '0', 'PlainText', '{\"placeholder\":\"\",\"maxLength\":\"\",\"multiline\":\"\",\"initialRows\":\"4\"}', '2017-08-19 18:03:56', '2017-08-30 21:49:10', '650d2e62-c011-4448-8c16-76c7c10452aa'),
 ('14', NULL, 'myRole', 'myRole', 'matrixBlockType:1', '', '0', 'PlainText', '{\"placeholder\":\"\",\"maxLength\":\"\",\"multiline\":\"\",\"initialRows\":\"4\"}', '2017-08-19 18:06:16', '2017-08-30 21:49:10', '381cd386-9ecc-4c17-860e-1330f63747b4'),
 ('15', NULL, 'websiteLink', 'websiteLink', 'matrixBlockType:1', '', '0', 'PlainText', '{\"placeholder\":\"\",\"maxLength\":\"\",\"multiline\":\"\",\"initialRows\":\"4\"}', '2017-08-19 18:06:16', '2017-08-30 21:49:10', '00681ba8-ad2e-4ad3-8153-6f953bb39354'),
 ('16', NULL, 'projectBlurb', 'projectBlurb', 'matrixBlockType:1', '', '0', 'RichText', '{\"configFile\":\"\",\"availableAssetSources\":\"*\",\"availableTransforms\":\"*\",\"cleanupHtml\":\"1\",\"purifyHtml\":\"1\",\"purifierConfig\":\"\",\"columnType\":\"text\"}', '2017-08-19 18:06:16', '2017-08-30 21:49:10', 'aa1700b2-90d6-4056-8c37-3fe73533f9b0'),
 ('17', '1', 'footer-info', 'footerInfo', 'global', '', '0', 'Matrix', '{\"maxBlocks\":null}', '2017-08-26 18:50:19', '2017-08-26 19:14:06', 'f8d41402-0e55-4434-8778-faf86f3f4b9d'),
 ('18', NULL, 'email', 'email', 'matrixBlockType:2', '', '0', 'PlainText', '{\"placeholder\":\"\",\"maxLength\":\"\",\"multiline\":\"\",\"initialRows\":\"4\"}', '2017-08-26 18:50:46', '2017-08-26 19:14:06', '77d90f6b-348e-41db-957d-e59a0c22d39b'),
 ('19', NULL, 'footerBio', 'footerBio', 'matrixBlockType:2', '', '0', 'PlainText', '{\"placeholder\":\"\",\"maxLength\":\"\",\"multiline\":\"\",\"initialRows\":\"4\"}', '2017-08-26 19:04:48', '2017-08-26 19:14:06', '00609cd6-7cd0-411e-b9eb-fe7b5a205307'),
 ('20', NULL, 'company', 'company', 'matrixBlockType:2', '', '0', 'PlainText', '{\"placeholder\":\"\",\"maxLength\":\"\",\"multiline\":\"\",\"initialRows\":\"4\"}', '2017-08-26 19:14:06', '2017-08-26 19:14:06', 'd97ca034-76c3-4549-a8f0-dbc14db98ea3'),
 ('21', NULL, 'companyLink', 'companyLink', 'matrixBlockType:2', '', '0', 'PlainText', '{\"placeholder\":\"\",\"maxLength\":\"\",\"multiline\":\"\",\"initialRows\":\"4\"}', '2017-08-26 19:14:06', '2017-08-26 19:14:06', 'bfbda385-a2a1-4f36-8814-bc296f275691'),
 ('22', NULL, 'openForFreelance', 'openForFreelance', 'matrixBlockType:2', '', '0', 'PlainText', '{\"placeholder\":\"\",\"maxLength\":\"\",\"multiline\":\"\",\"initialRows\":\"4\"}', '2017-08-26 19:14:07', '2017-08-26 19:14:07', 'aec97f89-3af1-42c8-9c52-e6321a9f5517'),
 ('23', NULL, 'resumeLink', 'resumeLink', 'matrixBlockType:2', '', '0', 'PlainText', '{\"placeholder\":\"\",\"maxLength\":\"\",\"multiline\":\"\",\"initialRows\":\"4\"}', '2017-08-26 19:14:07', '2017-08-26 19:14:07', 'a259d204-5c9c-46cd-be66-f99a2ae3f979'),
 ('24', '1', 'Gallery_webm', 'galleryWebm', 'global', '', '0', 'Assets', '{\"useSingleFolder\":\"\",\"sources\":\"*\",\"defaultUploadLocationSource\":\"1\",\"defaultUploadLocationSubpath\":\"\",\"singleUploadLocationSource\":\"1\",\"singleUploadLocationSubpath\":\"\",\"restrictFiles\":\"\",\"limit\":\"\",\"viewMode\":\"list\",\"selectionLabel\":\"\"}', '2017-09-06 03:43:56', '2017-09-06 03:43:56', '2cd1cf22-7c91-4ae5-82f8-742d8d253f80');



DROP TABLE IF EXISTS `craft_globalsets`;


--
-- Schema for table `craft_globalsets`
--
CREATE TABLE `craft_globalsets` (
  `id` int(11) NOT NULL,
  `name` varchar(255) COLLATE utf8_unicode_ci NOT NULL,
  `handle` varchar(255) COLLATE utf8_unicode_ci NOT NULL,
  `fieldLayoutId` int(10) DEFAULT NULL,
  `dateCreated` datetime NOT NULL,
  `dateUpdated` datetime NOT NULL,
  `uid` char(36) COLLATE utf8_unicode_ci NOT NULL DEFAULT '0',
  PRIMARY KEY (`id`),
  UNIQUE KEY `craft_globalsets_name_unq_idx` (`name`),
  UNIQUE KEY `craft_globalsets_handle_unq_idx` (`handle`),
  KEY `craft_globalsets_fieldLayoutId_fk` (`fieldLayoutId`)
) ENGINE=InnoDB DEFAULT CHARSET=utf8 COLLATE=utf8_unicode_ci;

DROP TABLE IF EXISTS `craft_info`;


--
-- Schema for table `craft_info`
--
CREATE TABLE `craft_info` (
  `id` int(11) NOT NULL AUTO_INCREMENT,
  `version` varchar(50) COLLATE utf8_unicode_ci NOT NULL,
  `schemaVersion` varchar(15) COLLATE utf8_unicode_ci NOT NULL,
  `edition` tinyint(1) unsigned NOT NULL DEFAULT '0',
  `siteName` varchar(100) COLLATE utf8_unicode_ci NOT NULL,
  `siteUrl` varchar(255) COLLATE utf8_unicode_ci NOT NULL,
  `timezone` varchar(30) COLLATE utf8_unicode_ci DEFAULT NULL,
  `on` tinyint(1) unsigned NOT NULL DEFAULT '0',
  `maintenance` tinyint(1) unsigned NOT NULL DEFAULT '0',
  `dateCreated` datetime NOT NULL,
  `dateUpdated` datetime NOT NULL,
  `uid` char(36) COLLATE utf8_unicode_ci NOT NULL DEFAULT '0',
  PRIMARY KEY (`id`)
) ENGINE=InnoDB AUTO_INCREMENT=2 DEFAULT CHARSET=utf8 COLLATE=utf8_unicode_ci;

--
-- Data for table `craft_info`
--

INSERT INTO `craft_info` (`id`, `version`, `schemaVersion`, `edition`, `siteName`, `siteUrl`, `timezone`, `on`, `maintenance`, `dateCreated`, `dateUpdated`, `uid`) VALUES
 ('1', '2.6.2986', '2.6.10', '0', 'portfolio 2017', 'http://localhost', 'UTC', '1', '1', '2017-07-14 08:15:07', '2017-09-06 03:57:20', 'e526a78b-d89a-410d-88e7-ba71a4f4740a');



DROP TABLE IF EXISTS `craft_locales`;


--
-- Schema for table `craft_locales`
--
CREATE TABLE `craft_locales` (
  `locale` char(12) COLLATE utf8_unicode_ci NOT NULL,
  `sortOrder` smallint(6) unsigned DEFAULT NULL,
  `dateCreated` datetime NOT NULL,
  `dateUpdated` datetime NOT NULL,
  `uid` char(36) COLLATE utf8_unicode_ci NOT NULL DEFAULT '0',
  PRIMARY KEY (`locale`),
  KEY `craft_locales_sortOrder_idx` (`sortOrder`)
) ENGINE=InnoDB DEFAULT CHARSET=utf8 COLLATE=utf8_unicode_ci;

--
-- Data for table `craft_locales`
--

INSERT INTO `craft_locales` (`locale`, `sortOrder`, `dateCreated`, `dateUpdated`, `uid`) VALUES
 ('en_us', '1', '2017-07-14 08:15:07', '2017-07-14 08:15:07', '66dd439f-5e35-4fb6-a926-37360fc51f04');



DROP TABLE IF EXISTS `craft_matrixblocks`;


--
-- Schema for table `craft_matrixblocks`
--
CREATE TABLE `craft_matrixblocks` (
  `id` int(11) NOT NULL,
  `ownerId` int(11) NOT NULL,
  `fieldId` int(11) NOT NULL,
  `typeId` int(11) DEFAULT NULL,
  `sortOrder` smallint(6) unsigned DEFAULT NULL,
  `ownerLocale` char(12) COLLATE utf8_unicode_ci DEFAULT NULL,
  `dateCreated` datetime NOT NULL,
  `dateUpdated` datetime NOT NULL,
  `uid` char(36) COLLATE utf8_unicode_ci NOT NULL DEFAULT '0',
  PRIMARY KEY (`id`),
  KEY `craft_matrixblocks_ownerId_idx` (`ownerId`),
  KEY `craft_matrixblocks_fieldId_idx` (`fieldId`),
  KEY `craft_matrixblocks_typeId_idx` (`typeId`),
  KEY `craft_matrixblocks_sortOrder_idx` (`sortOrder`),
  KEY `craft_matrixblocks_ownerLocale_fk` (`ownerLocale`)
) ENGINE=InnoDB DEFAULT CHARSET=utf8 COLLATE=utf8_unicode_ci;

--
-- Data for table `craft_matrixblocks`
--

INSERT INTO `craft_matrixblocks` (`id`, `ownerId`, `fieldId`, `typeId`, `sortOrder`, `ownerLocale`, `dateCreated`, `dateUpdated`, `uid`) VALUES
 ('6', '5', '5', '1', '1', NULL, '2017-08-16 04:22:34', '2017-09-01 05:45:53', '8afcb782-5920-4fa4-8dd2-b7d9f46ea82f'),
 ('11', '10', '5', '1', '1', NULL, '2017-08-19 17:05:20', '2017-09-01 05:42:35', 'd5e6a026-ef2f-4932-a498-c88104b953e8'),
 ('13', '12', '5', '1', '1', NULL, '2017-08-19 18:19:53', '2017-09-01 05:59:45', '6bfe7ffd-5326-423d-8cb7-942023c4ab65'),
 ('15', '14', '5', '1', '1', NULL, '2017-08-19 18:21:46', '2017-09-06 01:40:21', 'd3acee65-dc78-43d4-a039-88135bafd003'),
 ('21', '18', '5', '1', '1', NULL, '2017-08-21 07:20:38', '2017-09-01 16:41:15', '85eec745-9b84-43d1-bcef-7521e5121e8a'),
 ('22', '19', '5', '1', '1', NULL, '2017-08-21 07:20:47', '2017-09-01 16:44:17', 'ed49f257-8c94-4ca2-8eb1-33b91d4845a2'),
 ('23', '20', '5', '1', '1', NULL, '2017-08-21 07:20:56', '2017-09-01 16:46:03', 'f9f73f90-ee7e-4050-9f73-738018364733'),
 ('24', '17', '5', '1', '1', NULL, '2017-08-21 07:21:06', '2017-09-01 16:40:43', '524fcafb-c35a-4559-bba3-12153bc75a85'),
 ('25', '2', '17', '2', '1', NULL, '2017-08-26 19:16:08', '2017-08-27 03:50:31', '445dd832-6612-4bc6-99b5-802367287ec8');



DROP TABLE IF EXISTS `craft_matrixblocktypes`;


--
-- Schema for table `craft_matrixblocktypes`
--
CREATE TABLE `craft_matrixblocktypes` (
  `id` int(11) NOT NULL AUTO_INCREMENT,
  `fieldId` int(11) NOT NULL,
  `fieldLayoutId` int(11) DEFAULT NULL,
  `name` varchar(255) COLLATE utf8_unicode_ci NOT NULL,
  `handle` varchar(255) COLLATE utf8_unicode_ci NOT NULL,
  `sortOrder` smallint(6) unsigned DEFAULT NULL,
  `dateCreated` datetime NOT NULL,
  `dateUpdated` datetime NOT NULL,
  `uid` char(36) COLLATE utf8_unicode_ci NOT NULL DEFAULT '0',
  PRIMARY KEY (`id`),
  UNIQUE KEY `craft_matrixblocktypes_name_fieldId_unq_idx` (`name`,`fieldId`),
  UNIQUE KEY `craft_matrixblocktypes_handle_fieldId_unq_idx` (`handle`,`fieldId`),
  KEY `craft_matrixblocktypes_fieldId_fk` (`fieldId`),
  KEY `craft_matrixblocktypes_fieldLayoutId_fk` (`fieldLayoutId`)
) ENGINE=InnoDB AUTO_INCREMENT=3 DEFAULT CHARSET=utf8 COLLATE=utf8_unicode_ci;

--
-- Data for table `craft_matrixblocktypes`
--

INSERT INTO `craft_matrixblocktypes` (`id`, `fieldId`, `fieldLayoutId`, `name`, `handle`, `sortOrder`, `dateCreated`, `dateUpdated`, `uid`) VALUES
 ('1', '5', '30', 'project-info', 'projectInfo', '1', '2017-08-16 04:12:38', '2017-08-30 21:49:10', 'af6cb3c1-f183-411b-8798-a46d8fe73912'),
 ('2', '17', '28', 'footerInfo', 'footerInfo', '1', '2017-08-26 18:50:46', '2017-08-26 19:14:07', '8f9bb651-f02c-4a24-a95b-3c927669c656');



DROP TABLE IF EXISTS `craft_matrixcontent_footerinfo`;


--
-- Schema for table `craft_matrixcontent_footerinfo`
--
CREATE TABLE `craft_matrixcontent_footerinfo` (
  `id` int(11) NOT NULL AUTO_INCREMENT,
  `elementId` int(11) NOT NULL,
  `locale` char(12) COLLATE utf8_unicode_ci NOT NULL,
  `field_footerInfo_email` text COLLATE utf8_unicode_ci,
  `field_footerInfo_footerBio` text COLLATE utf8_unicode_ci,
  `field_footerInfo_company` text COLLATE utf8_unicode_ci,
  `field_footerInfo_companyLink` text COLLATE utf8_unicode_ci,
  `field_footerInfo_openForFreelance` text COLLATE utf8_unicode_ci,
  `field_footerInfo_resumeLink` text COLLATE utf8_unicode_ci,
  `dateCreated` datetime NOT NULL,
  `dateUpdated` datetime NOT NULL,
  `uid` char(36) COLLATE utf8_unicode_ci NOT NULL DEFAULT '0',
  PRIMARY KEY (`id`),
  UNIQUE KEY `craft_matrixcontent_footerinfo_elementId_locale_unq_idx` (`elementId`,`locale`),
  KEY `craft_matrixcontent_footerinfo_locale_fk` (`locale`)
) ENGINE=InnoDB AUTO_INCREMENT=2 DEFAULT CHARSET=utf8 COLLATE=utf8_unicode_ci;

--
-- Data for table `craft_matrixcontent_footerinfo`
--

INSERT INTO `craft_matrixcontent_footerinfo` (`id`, `elementId`, `locale`, `field_footerInfo_email`, `field_footerInfo_footerBio`, `field_footerInfo_company`, `field_footerInfo_companyLink`, `field_footerInfo_openForFreelance`, `field_footerInfo_resumeLink`, `dateCreated`, `dateUpdated`, `uid`) VALUES
 ('1', '25', 'en_us', 'b.jazzy.w@gmail.com', 'My ------- driver\'s license says my name is Brittany, but most call me Jazzy.  I\'m a digital creative type currently living in Portland, Oregon, but will be soon moving to the Central Valley (sept 2017).  I have a passion for design and technology and enjoy making them work well together.  I have a degree in architecture, this background has provided me with a unique perspective when approaching design and technological problems.  I love to collaborate, let\'s make something together!', '', '', 'open for freelance', '', '2017-08-26 19:16:08', '2017-08-27 03:50:31', '216196d5-87a6-491a-ba45-2adf4b1c2647');



DROP TABLE IF EXISTS `craft_matrixcontent_galleryitem`;


--
-- Schema for table `craft_matrixcontent_galleryitem`
--
CREATE TABLE `craft_matrixcontent_galleryitem` (
  `id` int(11) NOT NULL AUTO_INCREMENT,
  `elementId` int(11) NOT NULL,
  `locale` char(12) COLLATE utf8_unicode_ci NOT NULL,
  `field_projectInfo_projectTitle` text COLLATE utf8_unicode_ci,
  `field_projectInfo_clientName` text COLLATE utf8_unicode_ci,
  `field_projectInfo_devStack` text COLLATE utf8_unicode_ci,
  `field_projectInfo_agencyName` text COLLATE utf8_unicode_ci,
  `field_projectInfo_myRole` text COLLATE utf8_unicode_ci,
  `field_projectInfo_websiteLink` text COLLATE utf8_unicode_ci,
  `field_projectInfo_projectBlurb` text COLLATE utf8_unicode_ci,
  `dateCreated` datetime NOT NULL,
  `dateUpdated` datetime NOT NULL,
  `uid` char(36) COLLATE utf8_unicode_ci NOT NULL DEFAULT '0',
  PRIMARY KEY (`id`),
  UNIQUE KEY `craft_matrixcontent_galleryitem_elementId_locale_unq_idx` (`elementId`,`locale`),
  KEY `craft_matrixcontent_galleryitem_locale_fk` (`locale`)
) ENGINE=InnoDB AUTO_INCREMENT=11 DEFAULT CHARSET=utf8 COLLATE=utf8_unicode_ci;

--
-- Data for table `craft_matrixcontent_galleryitem`
--

INSERT INTO `craft_matrixcontent_galleryitem` (`id`, `elementId`, `locale`, `field_projectInfo_projectTitle`, `field_projectInfo_clientName`, `field_projectInfo_devStack`, `field_projectInfo_agencyName`, `field_projectInfo_myRole`, `field_projectInfo_websiteLink`, `field_projectInfo_projectBlurb`, `dateCreated`, `dateUpdated`, `uid`) VALUES
 ('1', '6', 'en_us', 'Pasted.io', 'Pasted App ', 'javascript', 'The Brigade', 'lead developer', 'http://www.pasted.io/', '<p>Pasted.io: the launch page for Pasted app, showcasing all the unique features the app has to offer as well as a gallery.</p>', '2017-08-16 04:22:34', '2017-09-01 05:45:53', '86682ab5-eef3-4c62-8076-8d3ecbfddffa'),
 ('4', '11', 'en_us', 'Meme generator', 'Global Citizen', 'javascript / canvas', 'The Brigade', 'lead developer', 'https://thisisamerica.globalcitizen.org/', '<p>In response to the current political climate nonprofit Global Citizen wanted to create a platform where people could make a statement and share it publicly through their social media channels. #thisisamerica</p>', '2017-08-19 17:05:20', '2017-09-01 05:42:35', '3f68e4aa-82ad-4a2b-accc-994951c464e1'),
 ('5', '13', 'en_us', 'Listen Up!', 'Redbull', 'javascript / soundcloud API / middleman', 'The Program', 'lead developer', 'http://listen.redbull.com/', '<p>micosite built to announce four featured artists, and bring attention to Redbull\'s music labels: Sound Select &amp; Redbull Records.</p>', '2017-08-19 18:19:53', '2017-09-01 05:59:45', 'ce24c5f2-77e1-4b9a-aeeb-f14598edef22'),
 ('6', '15', 'en_us', 'New Product Banners', 'Nike', 'javascript', 'The Program', 'lead developer', '', '<p>These banners lived on some top sneaker retail sites including Finish Line, East Bay &amp; Foot Action.  Their purpose was to give the user detailed information about new products without disrupting the standard shopping experience.</p>', '2017-08-19 18:21:46', '2017-09-06 01:40:21', 'c8d84605-e220-4f2c-868e-8709f137414b'),
 ('7', '21', 'en_us', 'ecommerce store', 'Aly + Jay', 'custom shopify ', 'The Program', 'lead developer', 'https://ali-jay.com/', '<p>clean online store </p>', '2017-08-21 07:20:38', '2017-09-01 16:41:15', '87ae50fd-e1cb-4623-bb94-9a22b918ab3e'),
 ('8', '22', 'en_us', 'Advanced Search', 'Nike', 'javascript', 'The Program', 'lead developer', '', '<p>These advanced search modules lived on top sneaker retail sites including Foot Locker, Foot Action &amp; EastBay.  Their purpose was to give the user a comprehensive and interactive view of the entire collection all a once, and also allow them to purchase items directly from the interactive experience.</p>', '2017-08-21 07:20:47', '2017-09-01 16:44:17', '9e0a1fb3-4265-4454-9d5d-045392eb51d4'),
 ('9', '23', 'en_us', 'Art of Can', 'Redbull', 'middleman / javascript', 'The Program', 'second developer', 'http://www.redbullartofcan.com/', '<p>Art of Can is a contest that challenges artists to create their best works using only Redbull cans.  This site showcases the artists and their artwork.</p>', '2017-08-21 07:20:56', '2017-09-01 16:46:03', 'a019a3f2-0ea9-4a59-bf62-e2a7a31e1c65'),
 ('10', '24', 'en_us', 'Mozilla Business Affairs', 'Mozilla', 'wordpress, javascript', 'The Brigade', 'lead developer', 'https://blog.mozilla.org/businessaffairs/', '<p>Always interested in sharing information and communicating with the public Business Affairs blog is just one avenue Mozilla uses to continue to spread its open source message and keep people informed on what they are currently working on.</p>', '2017-08-21 07:21:06', '2017-09-01 16:40:43', 'df68f8fe-d920-4974-9d19-9b793ccde787');



DROP TABLE IF EXISTS `craft_migrations`;


--
-- Schema for table `craft_migrations`
--
CREATE TABLE `craft_migrations` (
  `id` int(11) NOT NULL AUTO_INCREMENT,
  `pluginId` int(11) DEFAULT NULL,
  `version` varchar(255) COLLATE utf8_unicode_ci NOT NULL,
  `applyTime` datetime NOT NULL,
  `dateCreated` datetime NOT NULL,
  `dateUpdated` datetime NOT NULL,
  `uid` char(36) COLLATE utf8_unicode_ci NOT NULL DEFAULT '0',
  PRIMARY KEY (`id`),
  UNIQUE KEY `craft_migrations_version_unq_idx` (`version`),
  KEY `craft_migrations_pluginId_fk` (`pluginId`)
) ENGINE=InnoDB AUTO_INCREMENT=40 DEFAULT CHARSET=utf8 COLLATE=utf8_unicode_ci;

--
-- Data for table `craft_migrations`
--

INSERT INTO `craft_migrations` (`id`, `pluginId`, `version`, `applyTime`, `dateCreated`, `dateUpdated`, `uid`) VALUES
 ('1', NULL, 'm000000_000000_base', '2017-07-14 08:15:07', '2017-07-14 08:15:07', '2017-07-14 08:15:07', '31ff35ac-bfe6-4cc3-8c85-5ff8d07b8aea'),
 ('2', NULL, 'm140730_000001_add_filename_and_format_to_transformindex', '2017-07-14 08:15:07', '2017-07-14 08:15:07', '2017-07-14 08:15:07', 'e0307d38-d10f-465f-a659-f9697c529343'),
 ('3', NULL, 'm140815_000001_add_format_to_transforms', '2017-07-14 08:15:07', '2017-07-14 08:15:07', '2017-07-14 08:15:07', '1b2db6d2-4de4-4c79-b007-e5e36d9777fd'),
 ('4', NULL, 'm140822_000001_allow_more_than_128_items_per_field', '2017-07-14 08:15:07', '2017-07-14 08:15:07', '2017-07-14 08:15:07', '5021deb5-6e6b-4392-a885-1f86380ab860'),
 ('5', NULL, 'm140829_000001_single_title_formats', '2017-07-14 08:15:07', '2017-07-14 08:15:07', '2017-07-14 08:15:07', '735ac74b-0dc3-4c48-a4b5-37fc244e1a53'),
 ('6', NULL, 'm140831_000001_extended_cache_keys', '2017-07-14 08:15:07', '2017-07-14 08:15:07', '2017-07-14 08:15:07', '0570f72d-08a4-4668-b875-c55d521683ce'),
 ('7', NULL, 'm140922_000001_delete_orphaned_matrix_blocks', '2017-07-14 08:15:07', '2017-07-14 08:15:07', '2017-07-14 08:15:07', '5309fbd5-e2ac-4d58-88cd-fd4627f59f55'),
 ('8', NULL, 'm141008_000001_elements_index_tune', '2017-07-14 08:15:07', '2017-07-14 08:15:07', '2017-07-14 08:15:07', 'e6a6bf78-ae95-492b-8e77-77d50d41df89'),
 ('9', NULL, 'm141009_000001_assets_source_handle', '2017-07-14 08:15:07', '2017-07-14 08:15:07', '2017-07-14 08:15:07', '27b3b944-1665-49cd-a67d-0784a4987370'),
 ('10', NULL, 'm141024_000001_field_layout_tabs', '2017-07-14 08:15:07', '2017-07-14 08:15:07', '2017-07-14 08:15:07', 'd44e1e70-bb43-49f4-b8d8-a6684de4c208'),
 ('11', NULL, 'm141030_000000_plugin_schema_versions', '2017-07-14 08:15:07', '2017-07-14 08:15:07', '2017-07-14 08:15:07', '3ccb5a0a-5f74-41ec-896b-8e3d747687d8'),
 ('12', NULL, 'm141030_000001_drop_structure_move_permission', '2017-07-14 08:15:07', '2017-07-14 08:15:07', '2017-07-14 08:15:07', '9efed772-e0d0-45a4-bf92-e3efff521400'),
 ('13', NULL, 'm141103_000001_tag_titles', '2017-07-14 08:15:07', '2017-07-14 08:15:07', '2017-07-14 08:15:07', '54fa8f26-2203-4699-a278-0cbdffb5014a'),
 ('14', NULL, 'm141109_000001_user_status_shuffle', '2017-07-14 08:15:07', '2017-07-14 08:15:07', '2017-07-14 08:15:07', '8a9002a6-5557-42d5-8810-76b87a252aa0'),
 ('15', NULL, 'm141126_000001_user_week_start_day', '2017-07-14 08:15:07', '2017-07-14 08:15:07', '2017-07-14 08:15:07', '019dd6a7-34c6-436b-9220-e81694d621ee'),
 ('16', NULL, 'm150210_000001_adjust_user_photo_size', '2017-07-14 08:15:07', '2017-07-14 08:15:07', '2017-07-14 08:15:07', '4ca4602d-5b22-4700-9357-729998fdc748'),
 ('17', NULL, 'm150724_000001_adjust_quality_settings', '2017-07-14 08:15:07', '2017-07-14 08:15:07', '2017-07-14 08:15:07', '496b6574-77d1-4f9d-996e-926da2e37c9c'),
 ('18', NULL, 'm150827_000000_element_index_settings', '2017-07-14 08:15:07', '2017-07-14 08:15:07', '2017-07-14 08:15:07', '2f4b688f-5710-4e74-af4b-08ea558749c9'),
 ('19', NULL, 'm150918_000001_add_colspan_to_widgets', '2017-07-14 08:15:07', '2017-07-14 08:15:07', '2017-07-14 08:15:07', 'd4d6d24a-e952-4268-91b8-f08487048357'),
 ('20', NULL, 'm151007_000000_clear_asset_caches', '2017-07-14 08:15:07', '2017-07-14 08:15:07', '2017-07-14 08:15:07', 'd457feca-2694-47ea-b376-15f999995961'),
 ('21', NULL, 'm151109_000000_text_url_formats', '2017-07-14 08:15:07', '2017-07-14 08:15:07', '2017-07-14 08:15:07', '21e5000a-074d-4bf9-8864-0af91504f625'),
 ('22', NULL, 'm151110_000000_move_logo', '2017-07-14 08:15:07', '2017-07-14 08:15:07', '2017-07-14 08:15:07', '5897032d-a082-4985-a1d9-640ed810c582'),
 ('23', NULL, 'm151117_000000_adjust_image_widthheight', '2017-07-14 08:15:07', '2017-07-14 08:15:07', '2017-07-14 08:15:07', 'ea58949c-d212-48fa-9b09-eaa7a58b98cb'),
 ('24', NULL, 'm151127_000000_clear_license_key_status', '2017-07-14 08:15:07', '2017-07-14 08:15:07', '2017-07-14 08:15:07', '00b2a3e8-29de-44d2-9cdc-d2a98ae6e05d'),
 ('25', NULL, 'm151127_000000_plugin_license_keys', '2017-07-14 08:15:07', '2017-07-14 08:15:07', '2017-07-14 08:15:07', '8bc38801-46f6-4700-90e6-9d0cfa3dbbd4'),
 ('26', NULL, 'm151130_000000_update_pt_widget_feeds', '2017-07-14 08:15:07', '2017-07-14 08:15:07', '2017-07-14 08:15:07', '36c77587-f127-47c3-9178-b7f0ea62a610'),
 ('27', NULL, 'm160114_000000_asset_sources_public_url_default_true', '2017-07-14 08:15:07', '2017-07-14 08:15:07', '2017-07-14 08:15:07', '95e41a64-7f74-4877-8f55-efa69a18d4d0'),
 ('28', NULL, 'm160223_000000_sortorder_to_smallint', '2017-07-14 08:15:07', '2017-07-14 08:15:07', '2017-07-14 08:15:07', '14703dbb-42c0-487f-95dd-01d12bae2203'),
 ('29', NULL, 'm160229_000000_set_default_entry_statuses', '2017-07-14 08:15:07', '2017-07-14 08:15:07', '2017-07-14 08:15:07', '82c6e8b8-1292-4d00-93de-87b964efa619'),
 ('30', NULL, 'm160304_000000_client_permissions', '2017-07-14 08:15:07', '2017-07-14 08:15:07', '2017-07-14 08:15:07', '3d2dc3e9-3546-4643-9203-759fc33a7347'),
 ('31', NULL, 'm160322_000000_asset_filesize', '2017-07-14 08:15:07', '2017-07-14 08:15:07', '2017-07-14 08:15:07', 'eac303a0-956f-4792-9030-c2ceb19d0856'),
 ('32', NULL, 'm160503_000000_orphaned_fieldlayouts', '2017-07-14 08:15:07', '2017-07-14 08:15:07', '2017-07-14 08:15:07', '2edea457-2c9a-4a23-819f-bbe6f516f204'),
 ('33', NULL, 'm160510_000000_tasksettings', '2017-07-14 08:15:07', '2017-07-14 08:15:07', '2017-07-14 08:15:07', '5e0c8738-e737-49d0-a888-a03324c94f70'),
 ('34', NULL, 'm160829_000000_pending_user_content_cleanup', '2017-07-14 08:15:07', '2017-07-14 08:15:07', '2017-07-14 08:15:07', '10d8cf61-0da1-4684-a540-404c14e304cc'),
 ('35', NULL, 'm160830_000000_asset_index_uri_increase', '2017-07-14 08:15:07', '2017-07-14 08:15:07', '2017-07-14 08:15:07', '8ad91493-805d-447f-9cb6-de7863822c14'),
 ('36', NULL, 'm160919_000000_usergroup_handle_title_unique', '2017-07-14 08:15:07', '2017-07-14 08:15:07', '2017-07-14 08:15:07', 'd4b4efd6-dc62-49ab-adb3-33856d7b26d4'),
 ('37', NULL, 'm161108_000000_new_version_format', '2017-07-14 08:15:07', '2017-07-14 08:15:07', '2017-07-14 08:15:07', '918095a3-500c-475a-ab8f-371da686612b'),
 ('38', NULL, 'm161109_000000_index_shuffle', '2017-07-14 08:15:07', '2017-07-14 08:15:07', '2017-07-14 08:15:07', '55e9b402-c8da-4643-a059-cb1543538be8'),
 ('39', NULL, 'm170612_000000_route_index_shuffle', '2017-07-14 08:15:07', '2017-07-14 08:15:07', '2017-07-14 08:15:07', '79da3529-0b57-450a-9201-c1133f409d8b');



DROP TABLE IF EXISTS `craft_plugins`;


--
-- Schema for table `craft_plugins`
--
CREATE TABLE `craft_plugins` (
  `id` int(11) NOT NULL AUTO_INCREMENT,
  `class` varchar(150) COLLATE utf8_unicode_ci NOT NULL,
  `version` varchar(15) COLLATE utf8_unicode_ci NOT NULL,
  `schemaVersion` varchar(15) COLLATE utf8_unicode_ci DEFAULT NULL,
  `licenseKey` char(24) COLLATE utf8_unicode_ci DEFAULT NULL,
  `licenseKeyStatus` enum('valid','invalid','mismatched','unknown') COLLATE utf8_unicode_ci NOT NULL DEFAULT 'unknown',
  `enabled` tinyint(1) unsigned NOT NULL DEFAULT '0',
  `settings` text COLLATE utf8_unicode_ci,
  `installDate` datetime NOT NULL,
  `dateCreated` datetime NOT NULL,
  `dateUpdated` datetime NOT NULL,
  `uid` char(36) COLLATE utf8_unicode_ci NOT NULL DEFAULT '0',
  PRIMARY KEY (`id`)
) ENGINE=InnoDB DEFAULT CHARSET=utf8 COLLATE=utf8_unicode_ci;

DROP TABLE IF EXISTS `craft_rackspaceaccess`;


--
-- Schema for table `craft_rackspaceaccess`
--
CREATE TABLE `craft_rackspaceaccess` (
  `id` int(11) NOT NULL AUTO_INCREMENT,
  `connectionKey` varchar(255) COLLATE utf8_unicode_ci NOT NULL,
  `token` varchar(255) COLLATE utf8_unicode_ci NOT NULL,
  `storageUrl` varchar(255) COLLATE utf8_unicode_ci NOT NULL,
  `cdnUrl` varchar(255) COLLATE utf8_unicode_ci NOT NULL,
  `dateCreated` datetime NOT NULL,
  `dateUpdated` datetime NOT NULL,
  `uid` char(36) COLLATE utf8_unicode_ci NOT NULL DEFAULT '0',
  PRIMARY KEY (`id`),
  UNIQUE KEY `craft_rackspaceaccess_connectionKey_unq_idx` (`connectionKey`)
) ENGINE=InnoDB DEFAULT CHARSET=utf8 COLLATE=utf8_unicode_ci;

DROP TABLE IF EXISTS `craft_relations`;


--
-- Schema for table `craft_relations`
--
CREATE TABLE `craft_relations` (
  `id` int(11) NOT NULL AUTO_INCREMENT,
  `fieldId` int(11) NOT NULL,
  `sourceId` int(11) NOT NULL,
  `sourceLocale` char(12) COLLATE utf8_unicode_ci DEFAULT NULL,
  `targetId` int(11) NOT NULL,
  `sortOrder` smallint(6) DEFAULT NULL,
  `dateCreated` datetime NOT NULL,
  `dateUpdated` datetime NOT NULL,
  `uid` char(36) COLLATE utf8_unicode_ci NOT NULL DEFAULT '0',
  PRIMARY KEY (`id`),
  UNIQUE KEY `craft_relations_fieldId_sourceId_sourceLocale_targetId_unq_idx` (`fieldId`,`sourceId`,`sourceLocale`,`targetId`),
  KEY `craft_relations_sourceId_fk` (`sourceId`),
  KEY `craft_relations_sourceLocale_fk` (`sourceLocale`),
  KEY `craft_relations_targetId_fk` (`targetId`)
) ENGINE=InnoDB AUTO_INCREMENT=112 DEFAULT CHARSET=utf8 COLLATE=utf8_unicode_ci;

--
-- Data for table `craft_relations`
--

INSERT INTO `craft_relations` (`id`, `fieldId`, `sourceId`, `sourceLocale`, `targetId`, `sortOrder`, `dateCreated`, `dateUpdated`, `uid`) VALUES
 ('57', '3', '10', NULL, '31', '1', '2017-09-01 05:42:35', '2017-09-01 05:42:35', 'af9d0ab5-87f4-46ce-b7e6-33085052ea66'),
 ('58', '3', '10', NULL, '32', '2', '2017-09-01 05:42:35', '2017-09-01 05:42:35', '9593fc39-c86f-42c8-839c-96a7b4d7cb36'),
 ('59', '3', '10', NULL, '33', '3', '2017-09-01 05:42:35', '2017-09-01 05:42:35', '51c1fed5-4754-4c44-b6bc-b635fbffd8da'),
 ('60', '3', '5', NULL, '27', '1', '2017-09-01 05:45:53', '2017-09-01 05:45:53', 'b9e9f25d-fe8b-4735-89fd-79a1a9d8f4d4'),
 ('61', '3', '5', NULL, '30', '2', '2017-09-01 05:45:53', '2017-09-01 05:45:53', '95257d70-06bf-4c6c-943e-b5d0128bb86c'),
 ('63', '3', '12', NULL, '35', '1', '2017-09-01 05:59:45', '2017-09-01 05:59:45', 'c5c4b7d0-6cf4-4553-8fd7-a7a7c3cb2fbc'),
 ('64', '3', '12', NULL, '34', '2', '2017-09-01 05:59:45', '2017-09-01 05:59:45', '7a81b8d7-5c1d-4af8-bff3-39bd1d16701f'),
 ('96', '3', '17', NULL, '37', '1', '2017-09-01 16:40:43', '2017-09-01 16:40:43', 'c20d457d-f18f-4fd5-9238-6c08ca13740a'),
 ('97', '3', '17', NULL, '36', '2', '2017-09-01 16:40:43', '2017-09-01 16:40:43', '2b6b9a31-3301-4470-8a65-387279529e3f'),
 ('98', '3', '18', NULL, '38', '1', '2017-09-01 16:41:15', '2017-09-01 16:41:15', 'ccf63003-9689-4fc7-b258-395493e79104'),
 ('99', '3', '18', NULL, '39', '2', '2017-09-01 16:41:15', '2017-09-01 16:41:15', 'fb55e1b0-2cd1-4345-ab41-faecaf287a71'),
 ('100', '3', '18', NULL, '40', '3', '2017-09-01 16:41:15', '2017-09-01 16:41:15', '8d424580-ff5a-4c3b-b9f9-38048ca53f58'),
 ('101', '3', '19', NULL, '47', '1', '2017-09-01 16:44:17', '2017-09-01 16:44:17', '49ab3e1b-eeef-4dd5-892a-6996c0533fd4'),
 ('102', '3', '19', NULL, '48', '2', '2017-09-01 16:44:17', '2017-09-01 16:44:17', '426038dc-bc04-4449-ab04-301cccbfa290'),
 ('103', '3', '20', NULL, '44', '1', '2017-09-01 16:46:03', '2017-09-01 16:46:03', 'b23b4ff5-617f-408c-9d28-23ec962975f6'),
 ('104', '3', '20', NULL, '42', '2', '2017-09-01 16:46:03', '2017-09-01 16:46:03', 'cfc302e0-b705-41f3-92bb-6ca437ac2898'),
 ('105', '3', '20', NULL, '43', '3', '2017-09-01 16:46:03', '2017-09-01 16:46:03', 'a2e08105-71c3-4d74-9592-a3b7bcf89e4a'),
 ('106', '3', '20', NULL, '41', '4', '2017-09-01 16:46:03', '2017-09-01 16:46:03', 'ec97eaa8-5903-46a8-bc95-6f5b2d7e9d01'),
 ('109', '3', '14', NULL, '45', '1', '2017-09-06 01:40:21', '2017-09-06 01:40:21', '33f0101c-c0e3-4ee8-ba1b-b4100baff3c9'),
 ('110', '3', '14', NULL, '46', '2', '2017-09-06 01:40:21', '2017-09-06 01:40:21', 'bc0d63d8-8f8b-4c61-bb0a-00021647f73f'),
 ('111', '3', '14', NULL, '49', '3', '2017-09-06 01:40:21', '2017-09-06 01:40:21', '5d2d35d0-e476-48cd-9436-1e9aecd40fa4');



DROP TABLE IF EXISTS `craft_routes`;


--
-- Schema for table `craft_routes`
--
CREATE TABLE `craft_routes` (
  `id` int(11) NOT NULL AUTO_INCREMENT,
  `locale` char(12) COLLATE utf8_unicode_ci DEFAULT NULL,
  `urlParts` varchar(255) COLLATE utf8_unicode_ci NOT NULL,
  `urlPattern` varchar(255) COLLATE utf8_unicode_ci NOT NULL,
  `template` varchar(255) COLLATE utf8_unicode_ci NOT NULL,
  `sortOrder` smallint(6) unsigned DEFAULT NULL,
  `dateCreated` datetime NOT NULL,
  `dateUpdated` datetime NOT NULL,
  `uid` char(36) COLLATE utf8_unicode_ci NOT NULL DEFAULT '0',
  PRIMARY KEY (`id`),
  KEY `craft_routes_locale_idx` (`locale`),
  KEY `craft_routes_urlPattern_idx` (`urlPattern`)
) ENGINE=InnoDB DEFAULT CHARSET=utf8 COLLATE=utf8_unicode_ci;

DROP TABLE IF EXISTS `craft_searchindex`;


--
-- Schema for table `craft_searchindex`
--
CREATE TABLE `craft_searchindex` (
  `elementId` int(11) NOT NULL,
  `attribute` varchar(25) COLLATE utf8_unicode_ci NOT NULL,
  `fieldId` int(11) NOT NULL,
  `locale` char(12) COLLATE utf8_unicode_ci NOT NULL,
  `keywords` text COLLATE utf8_unicode_ci NOT NULL,
  PRIMARY KEY (`elementId`,`attribute`,`fieldId`,`locale`),
  FULLTEXT KEY `craft_searchindex_keywords_idx` (`keywords`)
) ENGINE=MyISAM DEFAULT CHARSET=utf8 COLLATE=utf8_unicode_ci;

--
-- Data for table `craft_searchindex`
--

INSERT INTO `craft_searchindex` (`elementId`, `attribute`, `fieldId`, `locale`, `keywords`) VALUES
 ('1', 'username', '0', 'en_us', ' b jazzy w gmail com '),
 ('1', 'firstname', '0', 'en_us', ''),
 ('1', 'lastname', '0', 'en_us', ''),
 ('1', 'fullname', '0', 'en_us', ''),
 ('1', 'email', '0', 'en_us', ' b jazzy w gmail com '),
 ('1', 'slug', '0', 'en_us', ''),
 ('2', 'slug', '0', 'en_us', ' homepage '),
 ('2', 'title', '0', 'en_us', ' homepage '),
 ('2', 'field', '1', 'en_us', ' always looking for what makes something special analyzing all angles powered by lacroix salmon fillets fruit snacks working through 4582 ambitions one at a time '),
 ('2', 'field', '17', 'en_us', ' b jazzy w gmail com my driver s license says my name is brittany but most call me jazzy i m a digital creative type currently living in portland oregon but will be soon moving to the central valley sept 2017 i have a passion for design and technology and enjoy making them work well together i have a degree in architecture this background has provided me with a unique perspective when approaching design and technological problems i love to collaborate let s make something together open for freelance '),
 ('2', 'field', '4', 'en_us', ' compulsively styling sheets '),
 ('4', 'filename', '0', 'en_us', ' screen shot 2017 07 10 at 6 14 56 pm png '),
 ('4', 'extension', '0', 'en_us', ' png '),
 ('4', 'kind', '0', 'en_us', ' image '),
 ('4', 'slug', '0', 'en_us', ' screen shot 2017 07 10 at 6 14 56 pm '),
 ('4', 'title', '0', 'en_us', ' screen shot 2017 07 10 at 6 14 56 pm '),
 ('5', 'field', '3', 'en_us', ' pasted 1 pasted 2 '),
 ('5', 'field', '5', 'en_us', ' the brigade pasted app javascript lead developer pasted io the launch page for pasted app showcasing all the unique features the app has to offer as well as a gallery pasted io http www pasted io '),
 ('5', 'slug', '0', 'en_us', ' fgdgdfgdsfg '),
 ('5', 'title', '0', 'en_us', ' pasted io '),
 ('6', 'field', '6', 'en_us', ' pasted io '),
 ('6', 'field', '8', 'en_us', ' pasted app '),
 ('6', 'slug', '0', 'en_us', ''),
 ('31', 'kind', '0', 'en_us', ' image '),
 ('31', 'filename', '0', 'en_us', ' gc_1 png '),
 ('6', 'field', '13', 'en_us', ' the brigade '),
 ('6', 'field', '12', 'en_us', ' javascript '),
 ('30', 'filename', '0', 'en_us', ' pasted_2 png '),
 ('30', 'extension', '0', 'en_us', ' png '),
 ('30', 'kind', '0', 'en_us', ' image '),
 ('30', 'slug', '0', 'en_us', ' pasted 2 '),
 ('30', 'title', '0', 'en_us', ' pasted 2 '),
 ('10', 'field', '3', 'en_us', ' gc 1 gc 2 gc 3 '),
 ('10', 'field', '5', 'en_us', ' the brigade global citizen javascript canvas lead developer in response to the current political climate nonprofit global citizen wanted to create a platform where people could make a statement and share it publicly through their social media channels thisisamerica meme generator https thisisamerica globalcitizen org '),
 ('10', 'slug', '0', 'en_us', ' global citizen '),
 ('10', 'title', '0', 'en_us', ' global citizen '),
 ('11', 'field', '6', 'en_us', ' meme generator '),
 ('11', 'field', '8', 'en_us', ' global citizen '),
 ('11', 'field', '12', 'en_us', ' javascript canvas '),
 ('11', 'slug', '0', 'en_us', ''),
 ('6', 'field', '14', 'en_us', ' lead developer '),
 ('6', 'field', '15', 'en_us', ' http www pasted io '),
 ('6', 'field', '16', 'en_us', ' pasted io the launch page for pasted app showcasing all the unique features the app has to offer as well as a gallery '),
 ('11', 'field', '13', 'en_us', ' the brigade '),
 ('11', 'field', '14', 'en_us', ' lead developer '),
 ('11', 'field', '15', 'en_us', ' https thisisamerica globalcitizen org '),
 ('11', 'field', '16', 'en_us', ' in response to the current political climate nonprofit global citizen wanted to create a platform where people could make a statement and share it publicly through their social media channels thisisamerica '),
 ('12', 'field', '3', 'en_us', ' redbull lu rebull lu '),
 ('12', 'field', '5', 'en_us', ' the program redbull javascript soundcloud api middleman lead developer micosite built to announce four featured artists and bring attention to redbull s music labels sound select redbull records listen up http listen redbull com '),
 ('12', 'slug', '0', 'en_us', ' redbull '),
 ('12', 'title', '0', 'en_us', ' redbull '),
 ('13', 'field', '8', 'en_us', ' redbull '),
 ('13', 'field', '6', 'en_us', ' listen up '),
 ('13', 'field', '12', 'en_us', ' javascript soundcloud api middleman '),
 ('13', 'field', '13', 'en_us', ' the program '),
 ('13', 'field', '14', 'en_us', ' lead developer '),
 ('13', 'field', '15', 'en_us', ' http listen redbull com '),
 ('13', 'field', '16', 'en_us', ' micosite built to announce four featured artists and bring attention to redbull s music labels sound select redbull records '),
 ('13', 'slug', '0', 'en_us', ''),
 ('14', 'field', '3', 'en_us', ' banner 1 banner 2 2017 09 05 18 39 49 '),
 ('14', 'field', '5', 'en_us', ' the program nike javascript lead developer these banners lived on some top sneaker retail sites including finish line east bay foot action their purpose was to give the user detailed information about new products without disrupting the standard shopping experience new product banners '),
 ('14', 'slug', '0', 'en_us', ' nike '),
 ('14', 'title', '0', 'en_us', ' nike '),
 ('15', 'field', '8', 'en_us', ' nike '),
 ('15', 'field', '6', 'en_us', ' new product banners '),
 ('15', 'field', '12', 'en_us', ' javascript '),
 ('15', 'field', '13', 'en_us', ' the program '),
 ('15', 'field', '14', 'en_us', ' lead developer '),
 ('15', 'field', '15', 'en_us', ''),
 ('15', 'field', '16', 'en_us', ' these banners lived on some top sneaker retail sites including finish line east bay foot action their purpose was to give the user detailed information about new products without disrupting the standard shopping experience '),
 ('15', 'slug', '0', 'en_us', ''),
 ('31', 'extension', '0', 'en_us', ' png '),
 ('27', 'filename', '0', 'en_us', ' pasted_1 png '),
 ('27', 'extension', '0', 'en_us', ' png '),
 ('27', 'kind', '0', 'en_us', ' image '),
 ('27', 'slug', '0', 'en_us', ' pasted 1 '),
 ('27', 'title', '0', 'en_us', ' pasted 1 '),
 ('17', 'field', '3', 'en_us', ' mo biz mobiz 2 '),
 ('17', 'field', '5', 'en_us', ' the brigade mozilla wordpress javascript lead developer always interested in sharing information and communicating with the public business affairs blog is just one avenue mozilla uses to continue to spread its open source message and keep people informed on what they are currently working on mozilla business affairs https blog mozilla org businessaffairs '),
 ('17', 'slug', '0', 'en_us', ' mozilla '),
 ('17', 'title', '0', 'en_us', ' mozilla '),
 ('18', 'field', '3', 'en_us', ' aj 1 aj 2 aj 3 '),
 ('18', 'field', '5', 'en_us', ' the program aly jay custom shopify lead developer clean online store ecommerce store https ali jay com '),
 ('18', 'slug', '0', 'en_us', ' aly jay '),
 ('18', 'title', '0', 'en_us', ' aly jay '),
 ('19', 'field', '3', 'en_us', ' banner 3 banner 4 '),
 ('19', 'field', '5', 'en_us', ' the program nike javascript lead developer these advanced search modules lived on top sneaker retail sites including foot locker foot action eastbay their purpose was to give the user a comprehensive and interactive view of the entire collection all a once and also allow them to purchase items directly from the interactive experience advanced search '),
 ('19', 'slug', '0', 'en_us', ' nike 1 '),
 ('19', 'title', '0', 'en_us', ' nike '),
 ('20', 'field', '3', 'en_us', ' redbull aoc redbull aoc 2 redbull aoc 3 rebdull aoc 4 '),
 ('20', 'field', '5', 'en_us', ' the program redbull middleman javascript second developer art of can is a contest that challenges artists to create their best works using only redbull cans this site showcases the artists and their artwork art of can http www redbullartofcan com '),
 ('20', 'slug', '0', 'en_us', ' redbull 1 '),
 ('20', 'title', '0', 'en_us', ' redbull '),
 ('21', 'field', '8', 'en_us', ' aly jay '),
 ('21', 'field', '6', 'en_us', ' ecommerce store '),
 ('21', 'field', '12', 'en_us', ' custom shopify '),
 ('21', 'field', '13', 'en_us', ' the program '),
 ('21', 'field', '14', 'en_us', ' lead developer '),
 ('21', 'field', '15', 'en_us', ' https ali jay com '),
 ('21', 'field', '16', 'en_us', ' clean online store ');
INSERT INTO `craft_searchindex` (`elementId`, `attribute`, `fieldId`, `locale`, `keywords`) VALUES
 ('21', 'slug', '0', 'en_us', ''),
 ('22', 'field', '8', 'en_us', ' nike '),
 ('22', 'field', '6', 'en_us', ' advanced search '),
 ('22', 'field', '12', 'en_us', ' javascript '),
 ('22', 'field', '13', 'en_us', ' the program '),
 ('22', 'field', '14', 'en_us', ' lead developer '),
 ('22', 'field', '15', 'en_us', ''),
 ('22', 'field', '16', 'en_us', ' these advanced search modules lived on top sneaker retail sites including foot locker foot action eastbay their purpose was to give the user a comprehensive and interactive view of the entire collection all a once and also allow them to purchase items directly from the interactive experience '),
 ('22', 'slug', '0', 'en_us', ''),
 ('23', 'field', '8', 'en_us', ' redbull '),
 ('23', 'field', '6', 'en_us', ' art of can '),
 ('23', 'field', '12', 'en_us', ' middleman javascript '),
 ('23', 'field', '13', 'en_us', ' the program '),
 ('23', 'field', '14', 'en_us', ' second developer '),
 ('23', 'field', '15', 'en_us', ' http www redbullartofcan com '),
 ('23', 'field', '16', 'en_us', ' art of can is a contest that challenges artists to create their best works using only redbull cans this site showcases the artists and their artwork '),
 ('23', 'slug', '0', 'en_us', ''),
 ('24', 'field', '8', 'en_us', ' mozilla '),
 ('24', 'field', '6', 'en_us', ' mozilla business affairs '),
 ('24', 'field', '12', 'en_us', ' wordpress javascript '),
 ('24', 'field', '13', 'en_us', ' the brigade '),
 ('24', 'field', '14', 'en_us', ' lead developer '),
 ('24', 'field', '15', 'en_us', ' https blog mozilla org businessaffairs '),
 ('24', 'field', '16', 'en_us', ' always interested in sharing information and communicating with the public business affairs blog is just one avenue mozilla uses to continue to spread its open source message and keep people informed on what they are currently working on '),
 ('24', 'slug', '0', 'en_us', ''),
 ('25', 'field', '18', 'en_us', ' b jazzy w gmail com '),
 ('25', 'field', '19', 'en_us', ' my driver s license says my name is brittany but most call me jazzy i m a digital creative type currently living in portland oregon but will be soon moving to the central valley sept 2017 i have a passion for design and technology and enjoy making them work well together i have a degree in architecture this background has provided me with a unique perspective when approaching design and technological problems i love to collaborate let s make something together '),
 ('25', 'field', '20', 'en_us', ''),
 ('25', 'field', '21', 'en_us', ''),
 ('25', 'field', '22', 'en_us', ' open for freelance '),
 ('25', 'field', '23', 'en_us', ''),
 ('25', 'slug', '0', 'en_us', ''),
 ('31', 'slug', '0', 'en_us', ' gc 1 '),
 ('31', 'title', '0', 'en_us', ' gc 1 '),
 ('32', 'title', '0', 'en_us', ' gc 2 '),
 ('33', 'filename', '0', 'en_us', ' gc_3 png '),
 ('33', 'extension', '0', 'en_us', ' png '),
 ('33', 'kind', '0', 'en_us', ' image '),
 ('32', 'filename', '0', 'en_us', ' gc_2 png '),
 ('32', 'extension', '0', 'en_us', ' png '),
 ('32', 'kind', '0', 'en_us', ' image '),
 ('32', 'slug', '0', 'en_us', ' gc 2 '),
 ('33', 'slug', '0', 'en_us', ' gc 3 '),
 ('33', 'title', '0', 'en_us', ' gc 3 '),
 ('34', 'filename', '0', 'en_us', ' rebull_lu png '),
 ('34', 'extension', '0', 'en_us', ' png '),
 ('34', 'kind', '0', 'en_us', ' image '),
 ('34', 'slug', '0', 'en_us', ' rebull lu '),
 ('34', 'title', '0', 'en_us', ' rebull lu '),
 ('35', 'filename', '0', 'en_us', ' redbull_lu png '),
 ('35', 'extension', '0', 'en_us', ' png '),
 ('35', 'kind', '0', 'en_us', ' image '),
 ('35', 'slug', '0', 'en_us', ' redbull lu '),
 ('35', 'title', '0', 'en_us', ' redbull lu '),
 ('36', 'filename', '0', 'en_us', ' mobiz_2 png '),
 ('36', 'extension', '0', 'en_us', ' png '),
 ('36', 'kind', '0', 'en_us', ' image '),
 ('36', 'slug', '0', 'en_us', ' mobiz 2 '),
 ('36', 'title', '0', 'en_us', ' mobiz 2 '),
 ('37', 'filename', '0', 'en_us', ' mobiz png '),
 ('37', 'extension', '0', 'en_us', ' png '),
 ('37', 'kind', '0', 'en_us', ' image '),
 ('37', 'slug', '0', 'en_us', ' mo biz '),
 ('37', 'title', '0', 'en_us', ' mo biz '),
 ('38', 'filename', '0', 'en_us', ' aj_1 png '),
 ('38', 'extension', '0', 'en_us', ' png '),
 ('38', 'kind', '0', 'en_us', ' image '),
 ('38', 'slug', '0', 'en_us', ' aj 1 '),
 ('38', 'title', '0', 'en_us', ' aj 1 '),
 ('39', 'filename', '0', 'en_us', ' aj_2 png '),
 ('39', 'extension', '0', 'en_us', ' png '),
 ('39', 'kind', '0', 'en_us', ' image '),
 ('39', 'slug', '0', 'en_us', ' aj 2 '),
 ('39', 'title', '0', 'en_us', ' aj 2 '),
 ('40', 'filename', '0', 'en_us', ' aj_3 png '),
 ('40', 'extension', '0', 'en_us', ' png '),
 ('40', 'kind', '0', 'en_us', ' image '),
 ('40', 'slug', '0', 'en_us', ' aj 3 '),
 ('40', 'title', '0', 'en_us', ' aj 3 '),
 ('41', 'filename', '0', 'en_us', ' rebdull_aoc_4 png '),
 ('41', 'extension', '0', 'en_us', ' png '),
 ('41', 'kind', '0', 'en_us', ' image '),
 ('41', 'slug', '0', 'en_us', ' rebdull aoc 4 '),
 ('41', 'title', '0', 'en_us', ' rebdull aoc 4 '),
 ('42', 'filename', '0', 'en_us', ' redbull_aoc_2 png '),
 ('42', 'extension', '0', 'en_us', ' png '),
 ('42', 'kind', '0', 'en_us', ' image '),
 ('42', 'slug', '0', 'en_us', ' redbull aoc 2 '),
 ('42', 'title', '0', 'en_us', ' redbull aoc 2 '),
 ('43', 'filename', '0', 'en_us', ' redbull_aoc_3 png '),
 ('43', 'extension', '0', 'en_us', ' png '),
 ('43', 'kind', '0', 'en_us', ' image '),
 ('43', 'slug', '0', 'en_us', ' redbull aoc 3 '),
 ('43', 'title', '0', 'en_us', ' redbull aoc 3 '),
 ('44', 'filename', '0', 'en_us', ' redbull_aoc png '),
 ('44', 'extension', '0', 'en_us', ' png '),
 ('44', 'kind', '0', 'en_us', ' image '),
 ('44', 'slug', '0', 'en_us', ' redbull aoc '),
 ('44', 'title', '0', 'en_us', ' redbull aoc '),
 ('45', 'filename', '0', 'en_us', ' banner_1 mp4 ');
INSERT INTO `craft_searchindex` (`elementId`, `attribute`, `fieldId`, `locale`, `keywords`) VALUES
 ('45', 'extension', '0', 'en_us', ' mp4 '),
 ('45', 'kind', '0', 'en_us', ' video '),
 ('45', 'slug', '0', 'en_us', ' banner 1 '),
 ('45', 'title', '0', 'en_us', ' banner 1 '),
 ('46', 'filename', '0', 'en_us', ' banner_2 mp4 '),
 ('46', 'extension', '0', 'en_us', ' mp4 '),
 ('46', 'kind', '0', 'en_us', ' video '),
 ('46', 'slug', '0', 'en_us', ' banner 2 '),
 ('46', 'title', '0', 'en_us', ' banner 2 '),
 ('47', 'filename', '0', 'en_us', ' banner_3 mp4 '),
 ('47', 'extension', '0', 'en_us', ' mp4 '),
 ('47', 'kind', '0', 'en_us', ' video '),
 ('47', 'slug', '0', 'en_us', ' banner 3 '),
 ('47', 'title', '0', 'en_us', ' banner 3 '),
 ('48', 'filename', '0', 'en_us', ' banner_4 mp4 '),
 ('48', 'extension', '0', 'en_us', ' mp4 '),
 ('48', 'kind', '0', 'en_us', ' video '),
 ('48', 'slug', '0', 'en_us', ' banner 4 '),
 ('48', 'title', '0', 'en_us', ' banner 4 '),
 ('49', 'filename', '0', 'en_us', ' 2017 09 05 18_39_49 gif '),
 ('49', 'extension', '0', 'en_us', ' gif '),
 ('49', 'kind', '0', 'en_us', ' image '),
 ('49', 'slug', '0', 'en_us', ' 2017 09 05 18 39 49 '),
 ('49', 'title', '0', 'en_us', ' 2017 09 05 18 39 49 '),
 ('50', 'filename', '0', 'en_us', ' banner_1 webm '),
 ('50', 'extension', '0', 'en_us', ' webm '),
 ('50', 'kind', '0', 'en_us', ' video '),
 ('50', 'slug', '0', 'en_us', ' banner 1 '),
 ('50', 'title', '0', 'en_us', ' banner 1 ');



DROP TABLE IF EXISTS `craft_sections`;


--
-- Schema for table `craft_sections`
--
CREATE TABLE `craft_sections` (
  `id` int(11) NOT NULL AUTO_INCREMENT,
  `structureId` int(11) DEFAULT NULL,
  `name` varchar(255) COLLATE utf8_unicode_ci NOT NULL,
  `handle` varchar(255) COLLATE utf8_unicode_ci NOT NULL,
  `type` enum('single','channel','structure') COLLATE utf8_unicode_ci NOT NULL DEFAULT 'channel',
  `hasUrls` tinyint(1) unsigned NOT NULL DEFAULT '1',
  `template` varchar(500) COLLATE utf8_unicode_ci DEFAULT NULL,
  `enableVersioning` tinyint(1) unsigned NOT NULL DEFAULT '0',
  `dateCreated` datetime NOT NULL,
  `dateUpdated` datetime NOT NULL,
  `uid` char(36) COLLATE utf8_unicode_ci NOT NULL DEFAULT '0',
  PRIMARY KEY (`id`),
  UNIQUE KEY `craft_sections_name_unq_idx` (`name`),
  UNIQUE KEY `craft_sections_handle_unq_idx` (`handle`),
  KEY `craft_sections_structureId_fk` (`structureId`)
) ENGINE=InnoDB AUTO_INCREMENT=3 DEFAULT CHARSET=utf8 COLLATE=utf8_unicode_ci;

--
-- Data for table `craft_sections`
--

INSERT INTO `craft_sections` (`id`, `structureId`, `name`, `handle`, `type`, `hasUrls`, `template`, `enableVersioning`, `dateCreated`, `dateUpdated`, `uid`) VALUES
 ('1', NULL, 'Homepage', 'homepage', 'single', '1', 'index', '1', '2017-07-14 08:15:13', '2017-07-14 08:15:13', '4193affc-44f5-48aa-9b78-2cad8a251e40'),
 ('2', '1', 'gallery', 'gallery', 'structure', '1', 'gallery/_entry', '1', '2017-08-14 05:31:57', '2017-08-14 05:31:57', '728c7007-7b74-43cf-9fa7-6cc87e136ef9');



DROP TABLE IF EXISTS `craft_sections_i18n`;


--
-- Schema for table `craft_sections_i18n`
--
CREATE TABLE `craft_sections_i18n` (
  `id` int(11) NOT NULL AUTO_INCREMENT,
  `sectionId` int(11) NOT NULL,
  `locale` char(12) COLLATE utf8_unicode_ci NOT NULL,
  `enabledByDefault` tinyint(1) unsigned NOT NULL DEFAULT '1',
  `urlFormat` text COLLATE utf8_unicode_ci,
  `nestedUrlFormat` text COLLATE utf8_unicode_ci,
  `dateCreated` datetime NOT NULL,
  `dateUpdated` datetime NOT NULL,
  `uid` char(36) COLLATE utf8_unicode_ci NOT NULL DEFAULT '0',
  PRIMARY KEY (`id`),
  UNIQUE KEY `craft_sections_i18n_sectionId_locale_unq_idx` (`sectionId`,`locale`),
  KEY `craft_sections_i18n_locale_fk` (`locale`)
) ENGINE=InnoDB AUTO_INCREMENT=3 DEFAULT CHARSET=utf8 COLLATE=utf8_unicode_ci;

--
-- Data for table `craft_sections_i18n`
--

INSERT INTO `craft_sections_i18n` (`id`, `sectionId`, `locale`, `enabledByDefault`, `urlFormat`, `nestedUrlFormat`, `dateCreated`, `dateUpdated`, `uid`) VALUES
 ('1', '1', 'en_us', '1', '__home__', NULL, '2017-07-14 08:15:13', '2017-07-14 08:15:13', '3b96dfa2-875d-44ef-a047-f11e45443d18'),
 ('2', '2', 'en_us', '1', 'gallery/{slug}', '{parent.uri}/{slug}', '2017-08-14 05:31:57', '2017-08-14 05:31:57', '21eea1b1-d350-475b-9fc6-282d9aec7bdc');



DROP TABLE IF EXISTS `craft_sessions`;


--
-- Schema for table `craft_sessions`
--
CREATE TABLE `craft_sessions` (
  `id` int(11) NOT NULL AUTO_INCREMENT,
  `userId` int(11) NOT NULL,
  `token` char(100) COLLATE utf8_unicode_ci NOT NULL,
  `dateCreated` datetime NOT NULL,
  `dateUpdated` datetime NOT NULL,
  `uid` char(36) COLLATE utf8_unicode_ci NOT NULL DEFAULT '0',
  PRIMARY KEY (`id`),
  KEY `craft_sessions_uid_idx` (`uid`),
  KEY `craft_sessions_token_idx` (`token`),
  KEY `craft_sessions_dateUpdated_idx` (`dateUpdated`),
  KEY `craft_sessions_userId_fk` (`userId`)
) ENGINE=InnoDB AUTO_INCREMENT=31 DEFAULT CHARSET=utf8 COLLATE=utf8_unicode_ci;

DROP TABLE IF EXISTS `craft_shunnedmessages`;


--
-- Schema for table `craft_shunnedmessages`
--
CREATE TABLE `craft_shunnedmessages` (
  `id` int(11) NOT NULL AUTO_INCREMENT,
  `userId` int(11) NOT NULL,
  `message` varchar(255) COLLATE utf8_unicode_ci NOT NULL,
  `expiryDate` datetime DEFAULT NULL,
  `dateCreated` datetime NOT NULL,
  `dateUpdated` datetime NOT NULL,
  `uid` char(36) COLLATE utf8_unicode_ci NOT NULL DEFAULT '0',
  PRIMARY KEY (`id`),
  UNIQUE KEY `craft_shunnedmessages_userId_message_unq_idx` (`userId`,`message`)
) ENGINE=InnoDB DEFAULT CHARSET=utf8 COLLATE=utf8_unicode_ci;

DROP TABLE IF EXISTS `craft_structureelements`;


--
-- Schema for table `craft_structureelements`
--
CREATE TABLE `craft_structureelements` (
  `id` int(11) NOT NULL AUTO_INCREMENT,
  `structureId` int(11) NOT NULL,
  `elementId` int(11) DEFAULT NULL,
  `root` int(11) unsigned DEFAULT NULL,
  `lft` int(11) unsigned NOT NULL,
  `rgt` int(11) unsigned NOT NULL,
  `level` smallint(6) unsigned NOT NULL,
  `dateCreated` datetime NOT NULL,
  `dateUpdated` datetime NOT NULL,
  `uid` char(36) COLLATE utf8_unicode_ci NOT NULL DEFAULT '0',
  PRIMARY KEY (`id`),
  UNIQUE KEY `craft_structureelements_structureId_elementId_unq_idx` (`structureId`,`elementId`),
  KEY `craft_structureelements_root_idx` (`root`),
  KEY `craft_structureelements_lft_idx` (`lft`),
  KEY `craft_structureelements_rgt_idx` (`rgt`),
  KEY `craft_structureelements_level_idx` (`level`),
  KEY `craft_structureelements_elementId_fk` (`elementId`)
) ENGINE=InnoDB AUTO_INCREMENT=11 DEFAULT CHARSET=utf8 COLLATE=utf8_unicode_ci;

--
-- Data for table `craft_structureelements`
--

INSERT INTO `craft_structureelements` (`id`, `structureId`, `elementId`, `root`, `lft`, `rgt`, `level`, `dateCreated`, `dateUpdated`, `uid`) VALUES
 ('1', '1', NULL, '1', '1', '18', '0', '2017-08-14 06:06:03', '2017-08-14 06:06:03', '0c8cec30-1fb2-4574-acb9-7658d513c2d8'),
 ('3', '1', '5', '1', '2', '3', '1', '2017-08-16 04:22:34', '2017-08-16 04:22:34', 'e7092349-2aea-453f-9ece-da6c58ac7155'),
 ('4', '1', '10', '1', '4', '5', '1', '2017-08-19 17:05:20', '2017-08-19 17:05:20', '48ebf1dd-94ab-4a6f-9ab6-c910e92a2c76'),
 ('5', '1', '12', '1', '6', '7', '1', '2017-08-19 18:18:53', '2017-08-19 18:18:53', 'd93a3660-17e9-463b-88ee-7f65efdc3e64'),
 ('6', '1', '14', '1', '8', '9', '1', '2017-08-19 18:21:46', '2017-08-19 18:21:46', '66158f41-f0b1-4b96-9737-f97de13edaa9'),
 ('7', '1', '17', '1', '10', '11', '1', '2017-08-21 07:18:08', '2017-08-21 07:18:08', '84e65b56-eb9b-437a-b737-024f1cb2fccd'),
 ('8', '1', '18', '1', '12', '13', '1', '2017-08-21 07:18:21', '2017-08-21 07:18:21', 'bd43a820-ecf2-45ce-88d9-ed516aac11fe'),
 ('9', '1', '19', '1', '14', '15', '1', '2017-08-21 07:19:38', '2017-08-21 07:19:38', '6b67c7b6-4de2-4fb9-8679-b720cdca7383'),
 ('10', '1', '20', '1', '16', '17', '1', '2017-08-21 07:19:47', '2017-08-21 07:19:47', '1033697b-9f19-4340-bc78-2a524ec343c7');



DROP TABLE IF EXISTS `craft_structures`;


--
-- Schema for table `craft_structures`
--
CREATE TABLE `craft_structures` (
  `id` int(11) NOT NULL AUTO_INCREMENT,
  `maxLevels` smallint(6) unsigned DEFAULT NULL,
  `dateCreated` datetime NOT NULL,
  `dateUpdated` datetime NOT NULL,
  `uid` char(36) COLLATE utf8_unicode_ci NOT NULL DEFAULT '0',
  PRIMARY KEY (`id`)
) ENGINE=InnoDB AUTO_INCREMENT=2 DEFAULT CHARSET=utf8 COLLATE=utf8_unicode_ci;

--
-- Data for table `craft_structures`
--

INSERT INTO `craft_structures` (`id`, `maxLevels`, `dateCreated`, `dateUpdated`, `uid`) VALUES
 ('1', NULL, '2017-08-14 05:31:57', '2017-08-14 05:31:57', 'b62cbd8b-2a65-4efe-bb33-be6441d3fef3');



DROP TABLE IF EXISTS `craft_systemsettings`;


--
-- Schema for table `craft_systemsettings`
--
CREATE TABLE `craft_systemsettings` (
  `id` int(11) NOT NULL AUTO_INCREMENT,
  `category` varchar(15) COLLATE utf8_unicode_ci NOT NULL,
  `settings` text COLLATE utf8_unicode_ci,
  `dateCreated` datetime NOT NULL,
  `dateUpdated` datetime NOT NULL,
  `uid` char(36) COLLATE utf8_unicode_ci NOT NULL DEFAULT '0',
  PRIMARY KEY (`id`),
  UNIQUE KEY `craft_systemsettings_category_unq_idx` (`category`)
) ENGINE=InnoDB AUTO_INCREMENT=2 DEFAULT CHARSET=utf8 COLLATE=utf8_unicode_ci;

--
-- Data for table `craft_systemsettings`
--

INSERT INTO `craft_systemsettings` (`id`, `category`, `settings`, `dateCreated`, `dateUpdated`, `uid`) VALUES
 ('1', 'email', '{\"protocol\":\"php\",\"emailAddress\":\"jazzywinston@thebriga.de\",\"senderName\":\"portfolio 2017\"}', '2017-07-14 08:15:13', '2017-07-14 08:15:13', '1c360538-41a1-4d86-b757-8d9ee5671008');



DROP TABLE IF EXISTS `craft_taggroups`;


--
-- Schema for table `craft_taggroups`
--
CREATE TABLE `craft_taggroups` (
  `id` int(11) NOT NULL AUTO_INCREMENT,
  `name` varchar(255) COLLATE utf8_unicode_ci NOT NULL,
  `handle` varchar(255) COLLATE utf8_unicode_ci NOT NULL,
  `fieldLayoutId` int(10) DEFAULT NULL,
  `dateCreated` datetime NOT NULL,
  `dateUpdated` datetime NOT NULL,
  `uid` char(36) COLLATE utf8_unicode_ci NOT NULL DEFAULT '0',
  PRIMARY KEY (`id`),
  UNIQUE KEY `craft_taggroups_name_unq_idx` (`name`),
  UNIQUE KEY `craft_taggroups_handle_unq_idx` (`handle`),
  KEY `craft_taggroups_fieldLayoutId_fk` (`fieldLayoutId`)
) ENGINE=InnoDB AUTO_INCREMENT=2 DEFAULT CHARSET=utf8 COLLATE=utf8_unicode_ci;

--
-- Data for table `craft_taggroups`
--

INSERT INTO `craft_taggroups` (`id`, `name`, `handle`, `fieldLayoutId`, `dateCreated`, `dateUpdated`, `uid`) VALUES
 ('1', 'Default', 'default', '1', '2017-07-14 08:15:13', '2017-07-14 08:15:13', 'bf87a61f-ceb0-437a-864c-51e229f3f164');



DROP TABLE IF EXISTS `craft_tags`;


--
-- Schema for table `craft_tags`
--
CREATE TABLE `craft_tags` (
  `id` int(11) NOT NULL,
  `groupId` int(11) NOT NULL,
  `dateCreated` datetime NOT NULL,
  `dateUpdated` datetime NOT NULL,
  `uid` char(36) COLLATE utf8_unicode_ci NOT NULL DEFAULT '0',
  PRIMARY KEY (`id`),
  KEY `craft_tags_groupId_fk` (`groupId`)
) ENGINE=InnoDB DEFAULT CHARSET=utf8 COLLATE=utf8_unicode_ci;

DROP TABLE IF EXISTS `craft_tasks`;


--
-- Schema for table `craft_tasks`
--
CREATE TABLE `craft_tasks` (
  `id` int(11) NOT NULL AUTO_INCREMENT,
  `root` int(11) unsigned DEFAULT NULL,
  `lft` int(11) unsigned NOT NULL,
  `rgt` int(11) unsigned NOT NULL,
  `level` smallint(6) unsigned NOT NULL,
  `currentStep` int(11) unsigned DEFAULT NULL,
  `totalSteps` int(11) unsigned DEFAULT NULL,
  `status` enum('pending','error','running') COLLATE utf8_unicode_ci DEFAULT NULL,
  `type` varchar(150) COLLATE utf8_unicode_ci NOT NULL,
  `description` varchar(255) COLLATE utf8_unicode_ci DEFAULT NULL,
  `settings` mediumtext COLLATE utf8_unicode_ci,
  `dateCreated` datetime NOT NULL,
  `dateUpdated` datetime NOT NULL,
  `uid` char(36) COLLATE utf8_unicode_ci NOT NULL DEFAULT '0',
  PRIMARY KEY (`id`),
  KEY `craft_tasks_root_idx` (`root`),
  KEY `craft_tasks_lft_idx` (`lft`),
  KEY `craft_tasks_rgt_idx` (`rgt`),
  KEY `craft_tasks_level_idx` (`level`)
) ENGINE=InnoDB AUTO_INCREMENT=2 DEFAULT CHARSET=utf8 COLLATE=utf8_unicode_ci;

DROP TABLE IF EXISTS `craft_templatecachecriteria`;


--
-- Schema for table `craft_templatecachecriteria`
--
CREATE TABLE `craft_templatecachecriteria` (
  `id` int(11) NOT NULL AUTO_INCREMENT,
  `cacheId` int(11) NOT NULL,
  `type` varchar(150) COLLATE utf8_unicode_ci NOT NULL,
  `criteria` text COLLATE utf8_unicode_ci NOT NULL,
  PRIMARY KEY (`id`),
  KEY `craft_templatecachecriteria_cacheId_fk` (`cacheId`),
  KEY `craft_templatecachecriteria_type_idx` (`type`)
) ENGINE=InnoDB DEFAULT CHARSET=utf8 COLLATE=utf8_unicode_ci;

DROP TABLE IF EXISTS `craft_templatecacheelements`;


--
-- Schema for table `craft_templatecacheelements`
--
CREATE TABLE `craft_templatecacheelements` (
  `cacheId` int(11) NOT NULL,
  `elementId` int(11) NOT NULL,
  KEY `craft_templatecacheelements_cacheId_fk` (`cacheId`),
  KEY `craft_templatecacheelements_elementId_fk` (`elementId`)
) ENGINE=InnoDB DEFAULT CHARSET=utf8 COLLATE=utf8_unicode_ci;

DROP TABLE IF EXISTS `craft_templatecaches`;


--
-- Schema for table `craft_templatecaches`
--
CREATE TABLE `craft_templatecaches` (
  `id` int(11) NOT NULL AUTO_INCREMENT,
  `cacheKey` varchar(255) COLLATE utf8_unicode_ci NOT NULL,
  `locale` char(12) COLLATE utf8_unicode_ci NOT NULL,
  `path` varchar(255) COLLATE utf8_unicode_ci DEFAULT NULL,
  `expiryDate` datetime NOT NULL,
  `body` mediumtext COLLATE utf8_unicode_ci NOT NULL,
  PRIMARY KEY (`id`),
  KEY `craft_templatecaches_expiryDate_cacheKey_locale_path_idx` (`expiryDate`,`cacheKey`,`locale`,`path`),
  KEY `craft_templatecaches_locale_fk` (`locale`)
) ENGINE=InnoDB DEFAULT CHARSET=utf8 COLLATE=utf8_unicode_ci;

DROP TABLE IF EXISTS `craft_tokens`;


--
-- Schema for table `craft_tokens`
--
CREATE TABLE `craft_tokens` (
  `id` int(11) NOT NULL AUTO_INCREMENT,
  `token` char(32) COLLATE utf8_unicode_ci NOT NULL,
  `route` text COLLATE utf8_unicode_ci,
  `usageLimit` tinyint(3) unsigned DEFAULT NULL,
  `usageCount` tinyint(3) unsigned DEFAULT NULL,
  `expiryDate` datetime NOT NULL,
  `dateCreated` datetime NOT NULL,
  `dateUpdated` datetime NOT NULL,
  `uid` char(36) COLLATE utf8_unicode_ci NOT NULL DEFAULT '0',
  PRIMARY KEY (`id`),
  UNIQUE KEY `craft_tokens_token_unq_idx` (`token`),
  KEY `craft_tokens_expiryDate_idx` (`expiryDate`)
) ENGINE=InnoDB DEFAULT CHARSET=utf8 COLLATE=utf8_unicode_ci;

DROP TABLE IF EXISTS `craft_usergroups`;


--
-- Schema for table `craft_usergroups`
--
CREATE TABLE `craft_usergroups` (
  `id` int(11) NOT NULL AUTO_INCREMENT,
  `name` varchar(255) COLLATE utf8_unicode_ci NOT NULL,
  `handle` varchar(255) COLLATE utf8_unicode_ci NOT NULL,
  `dateCreated` datetime NOT NULL,
  `dateUpdated` datetime NOT NULL,
  `uid` char(36) COLLATE utf8_unicode_ci NOT NULL DEFAULT '0',
  PRIMARY KEY (`id`),
  UNIQUE KEY `craft_usergroups_name_unq_idx` (`name`),
  UNIQUE KEY `craft_usergroups_handle_unq_idx` (`handle`)
) ENGINE=InnoDB DEFAULT CHARSET=utf8 COLLATE=utf8_unicode_ci;

DROP TABLE IF EXISTS `craft_usergroups_users`;


--
-- Schema for table `craft_usergroups_users`
--
CREATE TABLE `craft_usergroups_users` (
  `id` int(11) NOT NULL AUTO_INCREMENT,
  `groupId` int(11) NOT NULL,
  `userId` int(11) NOT NULL,
  `dateCreated` datetime NOT NULL,
  `dateUpdated` datetime NOT NULL,
  `uid` char(36) COLLATE utf8_unicode_ci NOT NULL DEFAULT '0',
  PRIMARY KEY (`id`),
  UNIQUE KEY `craft_usergroups_users_groupId_userId_unq_idx` (`groupId`,`userId`),
  KEY `craft_usergroups_users_userId_fk` (`userId`)
) ENGINE=InnoDB DEFAULT CHARSET=utf8 COLLATE=utf8_unicode_ci;

DROP TABLE IF EXISTS `craft_userpermissions`;


--
-- Schema for table `craft_userpermissions`
--
CREATE TABLE `craft_userpermissions` (
  `id` int(11) NOT NULL AUTO_INCREMENT,
  `name` varchar(255) COLLATE utf8_unicode_ci NOT NULL,
  `dateCreated` datetime NOT NULL,
  `dateUpdated` datetime NOT NULL,
  `uid` char(36) COLLATE utf8_unicode_ci NOT NULL DEFAULT '0',
  PRIMARY KEY (`id`),
  UNIQUE KEY `craft_userpermissions_name_unq_idx` (`name`)
) ENGINE=InnoDB DEFAULT CHARSET=utf8 COLLATE=utf8_unicode_ci;

DROP TABLE IF EXISTS `craft_userpermissions_usergroups`;


--
-- Schema for table `craft_userpermissions_usergroups`
--
CREATE TABLE `craft_userpermissions_usergroups` (
  `id` int(11) NOT NULL AUTO_INCREMENT,
  `permissionId` int(11) NOT NULL,
  `groupId` int(11) NOT NULL,
  `dateCreated` datetime NOT NULL,
  `dateUpdated` datetime NOT NULL,
  `uid` char(36) COLLATE utf8_unicode_ci NOT NULL DEFAULT '0',
  PRIMARY KEY (`id`),
  UNIQUE KEY `craft_userpermissions_usergroups_permissionId_groupId_unq_idx` (`permissionId`,`groupId`),
  KEY `craft_userpermissions_usergroups_groupId_fk` (`groupId`)
) ENGINE=InnoDB DEFAULT CHARSET=utf8 COLLATE=utf8_unicode_ci;

DROP TABLE IF EXISTS `craft_userpermissions_users`;


--
-- Schema for table `craft_userpermissions_users`
--
CREATE TABLE `craft_userpermissions_users` (
  `id` int(11) NOT NULL AUTO_INCREMENT,
  `permissionId` int(11) NOT NULL,
  `userId` int(11) NOT NULL,
  `dateCreated` datetime NOT NULL,
  `dateUpdated` datetime NOT NULL,
  `uid` char(36) COLLATE utf8_unicode_ci NOT NULL DEFAULT '0',
  PRIMARY KEY (`id`),
  UNIQUE KEY `craft_userpermissions_users_permissionId_userId_unq_idx` (`permissionId`,`userId`),
  KEY `craft_userpermissions_users_userId_fk` (`userId`)
) ENGINE=InnoDB DEFAULT CHARSET=utf8 COLLATE=utf8_unicode_ci;

DROP TABLE IF EXISTS `craft_users`;


--
-- Schema for table `craft_users`
--
CREATE TABLE `craft_users` (
  `id` int(11) NOT NULL,
  `username` varchar(100) COLLATE utf8_unicode_ci NOT NULL,
  `photo` varchar(100) COLLATE utf8_unicode_ci DEFAULT NULL,
  `firstName` varchar(100) COLLATE utf8_unicode_ci DEFAULT NULL,
  `lastName` varchar(100) COLLATE utf8_unicode_ci DEFAULT NULL,
  `email` varchar(255) COLLATE utf8_unicode_ci NOT NULL,
  `password` char(255) COLLATE utf8_unicode_ci DEFAULT NULL,
  `preferredLocale` char(12) COLLATE utf8_unicode_ci DEFAULT NULL,
  `weekStartDay` tinyint(1) unsigned NOT NULL DEFAULT '0',
  `admin` tinyint(1) unsigned NOT NULL DEFAULT '0',
  `client` tinyint(1) unsigned NOT NULL DEFAULT '0',
  `locked` tinyint(1) unsigned NOT NULL DEFAULT '0',
  `suspended` tinyint(1) unsigned NOT NULL DEFAULT '0',
  `pending` tinyint(1) unsigned NOT NULL DEFAULT '0',
  `archived` tinyint(1) unsigned NOT NULL DEFAULT '0',
  `lastLoginDate` datetime DEFAULT NULL,
  `lastLoginAttemptIPAddress` varchar(45) COLLATE utf8_unicode_ci DEFAULT NULL,
  `invalidLoginWindowStart` datetime DEFAULT NULL,
  `invalidLoginCount` tinyint(4) unsigned DEFAULT NULL,
  `lastInvalidLoginDate` datetime DEFAULT NULL,
  `lockoutDate` datetime DEFAULT NULL,
  `verificationCode` char(100) COLLATE utf8_unicode_ci DEFAULT NULL,
  `verificationCodeIssuedDate` datetime DEFAULT NULL,
  `unverifiedEmail` varchar(255) COLLATE utf8_unicode_ci DEFAULT NULL,
  `passwordResetRequired` tinyint(1) unsigned NOT NULL DEFAULT '0',
  `lastPasswordChangeDate` datetime DEFAULT NULL,
  `dateCreated` datetime NOT NULL,
  `dateUpdated` datetime NOT NULL,
  `uid` char(36) COLLATE utf8_unicode_ci NOT NULL DEFAULT '0',
  PRIMARY KEY (`id`),
  UNIQUE KEY `craft_users_username_unq_idx` (`username`),
  UNIQUE KEY `craft_users_email_unq_idx` (`email`),
  KEY `craft_users_verificationCode_idx` (`verificationCode`),
  KEY `craft_users_uid_idx` (`uid`),
  KEY `craft_users_preferredLocale_fk` (`preferredLocale`)
) ENGINE=InnoDB DEFAULT CHARSET=utf8 COLLATE=utf8_unicode_ci;

--
-- Data for table `craft_users`
--

INSERT INTO `craft_users` (`id`, `username`, `photo`, `firstName`, `lastName`, `email`, `password`, `preferredLocale`, `weekStartDay`, `admin`, `client`, `locked`, `suspended`, `pending`, `archived`, `lastLoginDate`, `lastLoginAttemptIPAddress`, `invalidLoginWindowStart`, `invalidLoginCount`, `lastInvalidLoginDate`, `lockoutDate`, `verificationCode`, `verificationCodeIssuedDate`, `unverifiedEmail`, `passwordResetRequired`, `lastPasswordChangeDate`, `dateCreated`, `dateUpdated`, `uid`) VALUES
 ('1', 'b.jazzy.w@gmail.com', NULL, '', '', 'b.jazzy.w@gmail.com', '$2y$13$qd93uHiU1mombRz5BaHAmeHAosrcB2/516HXUHTuZ807LX.GW/Mu.', NULL, '0', '1', '0', '0', '0', '0', '0', '2017-09-06 03:56:44', '::1', NULL, NULL, '2017-08-26 17:43:41', NULL, NULL, NULL, NULL, '0', '2017-08-14 05:38:33', '2017-07-14 08:15:10', '2017-09-06 03:56:44', 'c44f49a3-1437-4f87-bf35-0799a6941eae');



DROP TABLE IF EXISTS `craft_widgets`;


--
-- Schema for table `craft_widgets`
--
CREATE TABLE `craft_widgets` (
  `id` int(11) NOT NULL AUTO_INCREMENT,
  `userId` int(11) NOT NULL,
  `type` varchar(150) COLLATE utf8_unicode_ci NOT NULL,
  `sortOrder` smallint(6) unsigned DEFAULT NULL,
  `colspan` tinyint(4) unsigned DEFAULT NULL,
  `settings` text COLLATE utf8_unicode_ci,
  `enabled` tinyint(1) unsigned NOT NULL DEFAULT '1',
  `dateCreated` datetime NOT NULL,
  `dateUpdated` datetime NOT NULL,
  `uid` char(36) COLLATE utf8_unicode_ci NOT NULL DEFAULT '0',
  PRIMARY KEY (`id`),
  KEY `craft_widgets_userId_fk` (`userId`)
) ENGINE=InnoDB AUTO_INCREMENT=5 DEFAULT CHARSET=utf8 COLLATE=utf8_unicode_ci;

--
-- Data for table `craft_widgets`
--

INSERT INTO `craft_widgets` (`id`, `userId`, `type`, `sortOrder`, `colspan`, `settings`, `enabled`, `dateCreated`, `dateUpdated`, `uid`) VALUES
 ('1', '1', 'RecentEntries', '1', NULL, NULL, '1', '2017-07-14 08:15:37', '2017-07-14 08:15:37', '27a2dbaf-4265-4644-bef9-f93af535b3fe'),
 ('2', '1', 'GetHelp', '2', NULL, NULL, '1', '2017-07-14 08:15:37', '2017-07-14 08:15:37', '0fc367fc-51cd-4e42-80f1-9160eba89a3e'),
 ('3', '1', 'Updates', '3', NULL, NULL, '1', '2017-07-14 08:15:37', '2017-07-14 08:15:37', 'c6d6b612-7268-430f-8d91-87850541cf3b'),
 ('4', '1', 'Feed', '4', NULL, '{\"url\":\"https:\\/\\/craftcms.com\\/news.rss\",\"title\":\"Craft News\"}', '1', '2017-07-14 08:15:37', '2017-07-14 08:15:37', '6a68034f-439c-4863-8ff2-9f16f2d3affb');


--
-- Constraints for tables
--


--
-- Constraints for table `craft_assetfiles`
--
ALTER TABLE `craft_assetfiles`
	ADD CONSTRAINT `craft_assetfiles_folderId_fk` FOREIGN KEY (`folderId`) REFERENCES `craft_assetfolders` (`id`) ON DELETE CASCADE,
	ADD CONSTRAINT `craft_assetfiles_id_fk` FOREIGN KEY (`id`) REFERENCES `craft_elements` (`id`) ON DELETE CASCADE,
	ADD CONSTRAINT `craft_assetfiles_sourceId_fk` FOREIGN KEY (`sourceId`) REFERENCES `craft_assetsources` (`id`) ON DELETE CASCADE;

--
-- Constraints for table `craft_assetfolders`
--
ALTER TABLE `craft_assetfolders`
	ADD CONSTRAINT `craft_assetfolders_parentId_fk` FOREIGN KEY (`parentId`) REFERENCES `craft_assetfolders` (`id`) ON DELETE CASCADE,
	ADD CONSTRAINT `craft_assetfolders_sourceId_fk` FOREIGN KEY (`sourceId`) REFERENCES `craft_assetsources` (`id`) ON DELETE CASCADE;

--
-- Constraints for table `craft_assetindexdata`
--
ALTER TABLE `craft_assetindexdata`
	ADD CONSTRAINT `craft_assetindexdata_sourceId_fk` FOREIGN KEY (`sourceId`) REFERENCES `craft_assetsources` (`id`) ON DELETE CASCADE;

--
-- Constraints for table `craft_assetsources`
--
ALTER TABLE `craft_assetsources`
	ADD CONSTRAINT `craft_assetsources_fieldLayoutId_fk` FOREIGN KEY (`fieldLayoutId`) REFERENCES `craft_fieldlayouts` (`id`) ON DELETE SET NULL;

--
-- Constraints for table `craft_categories`
--
ALTER TABLE `craft_categories`
	ADD CONSTRAINT `craft_categories_groupId_fk` FOREIGN KEY (`groupId`) REFERENCES `craft_categorygroups` (`id`) ON DELETE CASCADE,
	ADD CONSTRAINT `craft_categories_id_fk` FOREIGN KEY (`id`) REFERENCES `craft_elements` (`id`) ON DELETE CASCADE;

--
-- Constraints for table `craft_categorygroups`
--
ALTER TABLE `craft_categorygroups`
	ADD CONSTRAINT `craft_categorygroups_fieldLayoutId_fk` FOREIGN KEY (`fieldLayoutId`) REFERENCES `craft_fieldlayouts` (`id`) ON DELETE SET NULL,
	ADD CONSTRAINT `craft_categorygroups_structureId_fk` FOREIGN KEY (`structureId`) REFERENCES `craft_structures` (`id`) ON DELETE CASCADE;

--
-- Constraints for table `craft_categorygroups_i18n`
--
ALTER TABLE `craft_categorygroups_i18n`
	ADD CONSTRAINT `craft_categorygroups_i18n_groupId_fk` FOREIGN KEY (`groupId`) REFERENCES `craft_categorygroups` (`id`) ON DELETE CASCADE,
	ADD CONSTRAINT `craft_categorygroups_i18n_locale_fk` FOREIGN KEY (`locale`) REFERENCES `craft_locales` (`locale`) ON DELETE CASCADE ON UPDATE CASCADE;

--
-- Constraints for table `craft_content`
--
ALTER TABLE `craft_content`
	ADD CONSTRAINT `craft_content_elementId_fk` FOREIGN KEY (`elementId`) REFERENCES `craft_elements` (`id`) ON DELETE CASCADE,
	ADD CONSTRAINT `craft_content_locale_fk` FOREIGN KEY (`locale`) REFERENCES `craft_locales` (`locale`) ON DELETE CASCADE ON UPDATE CASCADE;

--
-- Constraints for table `craft_elements_i18n`
--
ALTER TABLE `craft_elements_i18n`
	ADD CONSTRAINT `craft_elements_i18n_elementId_fk` FOREIGN KEY (`elementId`) REFERENCES `craft_elements` (`id`) ON DELETE CASCADE,
	ADD CONSTRAINT `craft_elements_i18n_locale_fk` FOREIGN KEY (`locale`) REFERENCES `craft_locales` (`locale`) ON DELETE CASCADE ON UPDATE CASCADE;

--
-- Constraints for table `craft_emailmessages`
--
ALTER TABLE `craft_emailmessages`
	ADD CONSTRAINT `craft_emailmessages_locale_fk` FOREIGN KEY (`locale`) REFERENCES `craft_locales` (`locale`) ON DELETE CASCADE ON UPDATE CASCADE;

--
-- Constraints for table `craft_entries`
--
ALTER TABLE `craft_entries`
	ADD CONSTRAINT `craft_entries_authorId_fk` FOREIGN KEY (`authorId`) REFERENCES `craft_users` (`id`) ON DELETE CASCADE,
	ADD CONSTRAINT `craft_entries_id_fk` FOREIGN KEY (`id`) REFERENCES `craft_elements` (`id`) ON DELETE CASCADE,
	ADD CONSTRAINT `craft_entries_sectionId_fk` FOREIGN KEY (`sectionId`) REFERENCES `craft_sections` (`id`) ON DELETE CASCADE,
	ADD CONSTRAINT `craft_entries_typeId_fk` FOREIGN KEY (`typeId`) REFERENCES `craft_entrytypes` (`id`) ON DELETE CASCADE;

--
-- Constraints for table `craft_entrydrafts`
--
ALTER TABLE `craft_entrydrafts`
	ADD CONSTRAINT `craft_entrydrafts_creatorId_fk` FOREIGN KEY (`creatorId`) REFERENCES `craft_users` (`id`) ON DELETE CASCADE,
	ADD CONSTRAINT `craft_entrydrafts_entryId_fk` FOREIGN KEY (`entryId`) REFERENCES `craft_entries` (`id`) ON DELETE CASCADE,
	ADD CONSTRAINT `craft_entrydrafts_locale_fk` FOREIGN KEY (`locale`) REFERENCES `craft_locales` (`locale`) ON DELETE CASCADE ON UPDATE CASCADE,
	ADD CONSTRAINT `craft_entrydrafts_sectionId_fk` FOREIGN KEY (`sectionId`) REFERENCES `craft_sections` (`id`) ON DELETE CASCADE;

--
-- Constraints for table `craft_entrytypes`
--
ALTER TABLE `craft_entrytypes`
	ADD CONSTRAINT `craft_entrytypes_fieldLayoutId_fk` FOREIGN KEY (`fieldLayoutId`) REFERENCES `craft_fieldlayouts` (`id`) ON DELETE SET NULL,
	ADD CONSTRAINT `craft_entrytypes_sectionId_fk` FOREIGN KEY (`sectionId`) REFERENCES `craft_sections` (`id`) ON DELETE CASCADE;

--
-- Constraints for table `craft_entryversions`
--
ALTER TABLE `craft_entryversions`
	ADD CONSTRAINT `craft_entryversions_creatorId_fk` FOREIGN KEY (`creatorId`) REFERENCES `craft_users` (`id`) ON DELETE SET NULL,
	ADD CONSTRAINT `craft_entryversions_entryId_fk` FOREIGN KEY (`entryId`) REFERENCES `craft_entries` (`id`) ON DELETE CASCADE,
	ADD CONSTRAINT `craft_entryversions_locale_fk` FOREIGN KEY (`locale`) REFERENCES `craft_locales` (`locale`) ON DELETE CASCADE ON UPDATE CASCADE,
	ADD CONSTRAINT `craft_entryversions_sectionId_fk` FOREIGN KEY (`sectionId`) REFERENCES `craft_sections` (`id`) ON DELETE CASCADE;

--
-- Constraints for table `craft_fieldlayoutfields`
--
ALTER TABLE `craft_fieldlayoutfields`
	ADD CONSTRAINT `craft_fieldlayoutfields_fieldId_fk` FOREIGN KEY (`fieldId`) REFERENCES `craft_fields` (`id`) ON DELETE CASCADE,
	ADD CONSTRAINT `craft_fieldlayoutfields_layoutId_fk` FOREIGN KEY (`layoutId`) REFERENCES `craft_fieldlayouts` (`id`) ON DELETE CASCADE,
	ADD CONSTRAINT `craft_fieldlayoutfields_tabId_fk` FOREIGN KEY (`tabId`) REFERENCES `craft_fieldlayouttabs` (`id`) ON DELETE CASCADE;

--
-- Constraints for table `craft_fieldlayouttabs`
--
ALTER TABLE `craft_fieldlayouttabs`
	ADD CONSTRAINT `craft_fieldlayouttabs_layoutId_fk` FOREIGN KEY (`layoutId`) REFERENCES `craft_fieldlayouts` (`id`) ON DELETE CASCADE;

--
-- Constraints for table `craft_fields`
--
ALTER TABLE `craft_fields`
	ADD CONSTRAINT `craft_fields_groupId_fk` FOREIGN KEY (`groupId`) REFERENCES `craft_fieldgroups` (`id`) ON DELETE CASCADE;

--
-- Constraints for table `craft_globalsets`
--
ALTER TABLE `craft_globalsets`
	ADD CONSTRAINT `craft_globalsets_fieldLayoutId_fk` FOREIGN KEY (`fieldLayoutId`) REFERENCES `craft_fieldlayouts` (`id`) ON DELETE SET NULL,
	ADD CONSTRAINT `craft_globalsets_id_fk` FOREIGN KEY (`id`) REFERENCES `craft_elements` (`id`) ON DELETE CASCADE;

--
-- Constraints for table `craft_matrixblocks`
--
ALTER TABLE `craft_matrixblocks`
	ADD CONSTRAINT `craft_matrixblocks_fieldId_fk` FOREIGN KEY (`fieldId`) REFERENCES `craft_fields` (`id`) ON DELETE CASCADE,
	ADD CONSTRAINT `craft_matrixblocks_id_fk` FOREIGN KEY (`id`) REFERENCES `craft_elements` (`id`) ON DELETE CASCADE,
	ADD CONSTRAINT `craft_matrixblocks_ownerId_fk` FOREIGN KEY (`ownerId`) REFERENCES `craft_elements` (`id`) ON DELETE CASCADE,
	ADD CONSTRAINT `craft_matrixblocks_ownerLocale_fk` FOREIGN KEY (`ownerLocale`) REFERENCES `craft_locales` (`locale`) ON DELETE CASCADE ON UPDATE CASCADE,
	ADD CONSTRAINT `craft_matrixblocks_typeId_fk` FOREIGN KEY (`typeId`) REFERENCES `craft_matrixblocktypes` (`id`) ON DELETE CASCADE;

--
-- Constraints for table `craft_matrixblocktypes`
--
ALTER TABLE `craft_matrixblocktypes`
	ADD CONSTRAINT `craft_matrixblocktypes_fieldId_fk` FOREIGN KEY (`fieldId`) REFERENCES `craft_fields` (`id`) ON DELETE CASCADE,
	ADD CONSTRAINT `craft_matrixblocktypes_fieldLayoutId_fk` FOREIGN KEY (`fieldLayoutId`) REFERENCES `craft_fieldlayouts` (`id`) ON DELETE SET NULL;

--
-- Constraints for table `craft_matrixcontent_footerinfo`
--
ALTER TABLE `craft_matrixcontent_footerinfo`
	ADD CONSTRAINT `craft_matrixcontent_footerinfo_elementId_fk` FOREIGN KEY (`elementId`) REFERENCES `craft_elements` (`id`) ON DELETE CASCADE,
	ADD CONSTRAINT `craft_matrixcontent_footerinfo_locale_fk` FOREIGN KEY (`locale`) REFERENCES `craft_locales` (`locale`) ON DELETE CASCADE ON UPDATE CASCADE;

--
-- Constraints for table `craft_matrixcontent_galleryitem`
--
ALTER TABLE `craft_matrixcontent_galleryitem`
	ADD CONSTRAINT `craft_matrixcontent_galleryitem_elementId_fk` FOREIGN KEY (`elementId`) REFERENCES `craft_elements` (`id`) ON DELETE CASCADE,
	ADD CONSTRAINT `craft_matrixcontent_galleryitem_locale_fk` FOREIGN KEY (`locale`) REFERENCES `craft_locales` (`locale`) ON DELETE CASCADE ON UPDATE CASCADE;

--
-- Constraints for table `craft_migrations`
--
ALTER TABLE `craft_migrations`
	ADD CONSTRAINT `craft_migrations_pluginId_fk` FOREIGN KEY (`pluginId`) REFERENCES `craft_plugins` (`id`) ON DELETE CASCADE;

--
-- Constraints for table `craft_relations`
--
ALTER TABLE `craft_relations`
	ADD CONSTRAINT `craft_relations_fieldId_fk` FOREIGN KEY (`fieldId`) REFERENCES `craft_fields` (`id`) ON DELETE CASCADE,
	ADD CONSTRAINT `craft_relations_sourceId_fk` FOREIGN KEY (`sourceId`) REFERENCES `craft_elements` (`id`) ON DELETE CASCADE,
	ADD CONSTRAINT `craft_relations_sourceLocale_fk` FOREIGN KEY (`sourceLocale`) REFERENCES `craft_locales` (`locale`) ON DELETE CASCADE ON UPDATE CASCADE,
	ADD CONSTRAINT `craft_relations_targetId_fk` FOREIGN KEY (`targetId`) REFERENCES `craft_elements` (`id`) ON DELETE CASCADE;

--
-- Constraints for table `craft_routes`
--
ALTER TABLE `craft_routes`
	ADD CONSTRAINT `craft_routes_locale_fk` FOREIGN KEY (`locale`) REFERENCES `craft_locales` (`locale`) ON DELETE CASCADE ON UPDATE CASCADE;

--
-- Constraints for table `craft_sections`
--
ALTER TABLE `craft_sections`
	ADD CONSTRAINT `craft_sections_structureId_fk` FOREIGN KEY (`structureId`) REFERENCES `craft_structures` (`id`) ON DELETE SET NULL;

--
-- Constraints for table `craft_sections_i18n`
--
ALTER TABLE `craft_sections_i18n`
	ADD CONSTRAINT `craft_sections_i18n_locale_fk` FOREIGN KEY (`locale`) REFERENCES `craft_locales` (`locale`) ON DELETE CASCADE ON UPDATE CASCADE,
	ADD CONSTRAINT `craft_sections_i18n_sectionId_fk` FOREIGN KEY (`sectionId`) REFERENCES `craft_sections` (`id`) ON DELETE CASCADE;

--
-- Constraints for table `craft_sessions`
--
ALTER TABLE `craft_sessions`
	ADD CONSTRAINT `craft_sessions_userId_fk` FOREIGN KEY (`userId`) REFERENCES `craft_users` (`id`) ON DELETE CASCADE;

--
-- Constraints for table `craft_shunnedmessages`
--
ALTER TABLE `craft_shunnedmessages`
	ADD CONSTRAINT `craft_shunnedmessages_userId_fk` FOREIGN KEY (`userId`) REFERENCES `craft_users` (`id`) ON DELETE CASCADE;

--
-- Constraints for table `craft_structureelements`
--
ALTER TABLE `craft_structureelements`
	ADD CONSTRAINT `craft_structureelements_elementId_fk` FOREIGN KEY (`elementId`) REFERENCES `craft_elements` (`id`) ON DELETE CASCADE,
	ADD CONSTRAINT `craft_structureelements_structureId_fk` FOREIGN KEY (`structureId`) REFERENCES `craft_structures` (`id`) ON DELETE CASCADE;

--
-- Constraints for table `craft_taggroups`
--
ALTER TABLE `craft_taggroups`
	ADD CONSTRAINT `craft_taggroups_fieldLayoutId_fk` FOREIGN KEY (`fieldLayoutId`) REFERENCES `craft_fieldlayouts` (`id`) ON DELETE SET NULL;

--
-- Constraints for table `craft_tags`
--
ALTER TABLE `craft_tags`
	ADD CONSTRAINT `craft_tags_groupId_fk` FOREIGN KEY (`groupId`) REFERENCES `craft_taggroups` (`id`) ON DELETE CASCADE,
	ADD CONSTRAINT `craft_tags_id_fk` FOREIGN KEY (`id`) REFERENCES `craft_elements` (`id`) ON DELETE CASCADE;

--
-- Constraints for table `craft_templatecachecriteria`
--
ALTER TABLE `craft_templatecachecriteria`
	ADD CONSTRAINT `craft_templatecachecriteria_cacheId_fk` FOREIGN KEY (`cacheId`) REFERENCES `craft_templatecaches` (`id`) ON DELETE CASCADE;

--
-- Constraints for table `craft_templatecacheelements`
--
ALTER TABLE `craft_templatecacheelements`
	ADD CONSTRAINT `craft_templatecacheelements_cacheId_fk` FOREIGN KEY (`cacheId`) REFERENCES `craft_templatecaches` (`id`) ON DELETE CASCADE,
	ADD CONSTRAINT `craft_templatecacheelements_elementId_fk` FOREIGN KEY (`elementId`) REFERENCES `craft_elements` (`id`) ON DELETE CASCADE;

--
-- Constraints for table `craft_templatecaches`
--
ALTER TABLE `craft_templatecaches`
	ADD CONSTRAINT `craft_templatecaches_locale_fk` FOREIGN KEY (`locale`) REFERENCES `craft_locales` (`locale`) ON DELETE CASCADE ON UPDATE CASCADE;

--
-- Constraints for table `craft_usergroups_users`
--
ALTER TABLE `craft_usergroups_users`
	ADD CONSTRAINT `craft_usergroups_users_groupId_fk` FOREIGN KEY (`groupId`) REFERENCES `craft_usergroups` (`id`) ON DELETE CASCADE,
	ADD CONSTRAINT `craft_usergroups_users_userId_fk` FOREIGN KEY (`userId`) REFERENCES `craft_users` (`id`) ON DELETE CASCADE;

--
-- Constraints for table `craft_userpermissions_usergroups`
--
ALTER TABLE `craft_userpermissions_usergroups`
	ADD CONSTRAINT `craft_userpermissions_usergroups_groupId_fk` FOREIGN KEY (`groupId`) REFERENCES `craft_usergroups` (`id`) ON DELETE CASCADE,
	ADD CONSTRAINT `craft_userpermissions_usergroups_permissionId_fk` FOREIGN KEY (`permissionId`) REFERENCES `craft_userpermissions` (`id`) ON DELETE CASCADE;

--
-- Constraints for table `craft_userpermissions_users`
--
ALTER TABLE `craft_userpermissions_users`
	ADD CONSTRAINT `craft_userpermissions_users_permissionId_fk` FOREIGN KEY (`permissionId`) REFERENCES `craft_userpermissions` (`id`) ON DELETE CASCADE,
	ADD CONSTRAINT `craft_userpermissions_users_userId_fk` FOREIGN KEY (`userId`) REFERENCES `craft_users` (`id`) ON DELETE CASCADE;

--
-- Constraints for table `craft_users`
--
ALTER TABLE `craft_users`
	ADD CONSTRAINT `craft_users_id_fk` FOREIGN KEY (`id`) REFERENCES `craft_elements` (`id`) ON DELETE CASCADE,
	ADD CONSTRAINT `craft_users_preferredLocale_fk` FOREIGN KEY (`preferredLocale`) REFERENCES `craft_locales` (`locale`) ON DELETE SET NULL ON UPDATE CASCADE;

--
-- Constraints for table `craft_widgets`
--
ALTER TABLE `craft_widgets`
	ADD CONSTRAINT `craft_widgets_userId_fk` FOREIGN KEY (`userId`) REFERENCES `craft_users` (`id`) ON DELETE CASCADE;

SET FOREIGN_KEY_CHECKS = 1;
